sense_start,sense_length,melting_temperature
0,13,36.81353968133874
1,13,38.077075329151796
2,13,36.80394669900613
3,13,36.26193898709181
4,13,36.26193898709187
5,13,34.75012547725936
6,13,37.017617822217744
7,13,37.72291974084857
8,13,35.65249946557077
9,13,32.561698332661535
10,13,29.979992244253367
11,13,28.17802089171107
12,13,25.731060277493327
13,13,26.183851285986634
14,13,26.597012074349777
15,13,28.028544643839325
16,13,29.233018413839204
17,13,31.29296075568601
18,13,29.902198018162665
19,13,29.760168041048814
20,13,31.195836716694316
21,13,33.476861316799216
22,13,34.657456051035695
23,13,33.24418933171296
24,13,36.332001204699566
25,13,37.73814989383288
26,13,39.34211759853099
27,13,39.34211759853105
28,13,36.19851190980455
29,13,33.550765579429935
30,13,30.94246264234033
31,13,29.149404500615105
32,13,30.970843785747434
33,13,32.41759472191859
34,13,31.80578863491081
35,13,31.80578863491081
36,13,31.865278548398237
37,13,29.92206989724116
38,13,27.34663357629063
39,13,27.314772634870053
40,13,28.281890501216594
41,13,30.116974790638494
42,13,32.70640984041643
43,13,33.40524030000353
44,13,33.91862425119666
45,13,35.032053212190874
46,13,35.98220689211189
47,13,38.11864932210227
48,13,38.44489554499853
49,13,38.11864932210227
50,13,37.660093070876485
51,13,38.02892067121621
52,13,38.22024239840249
53,13,35.615021233596224
54,13,33.0364363568915
55,13,31.77600959916242
56,13,32.374042757642314
57,13,32.37404275764243
58,13,32.374042757642314
59,13,31.77600959916242
60,13,32.90822239128863
61,13,32.81305157436714
62,13,32.81305157436708
63,13,30.32551589102934
64,13,28.552610446910478
65,13,29.94154007355627
66,13,29.43798141127985
67,13,29.43798141127985
68,13,29.702754187022492
69,13,26.341196890936487
70,13,25.218147365996572
71,13,24.14153464277183
72,13,25.118401254346907
73,13,24.14153464277183
74,13,24.685340540336426
75,13,24.685340540336426
76,13,25.987880624849424
77,13,26.531119299718796
78,13,28.315977555568907
79,13,30.89867162623335
80,13,31.351488325575133
81,13,31.94144222336155
82,13,31.94144222336155
83,13,31.94144222336155
84,13,33.37548686838221
85,13,34.30159287430098
86,13,38.30046817270198
87,13,43.31009964440227
88,13,43.37477124601975
89,13,42.342792758458245
90,13,42.48717163830531
91,13,42.48717163830531
92,13,44.85674123915578
93,13,46.92335272953164
94,13,46.97775931423962
95,13,45.67111038769309
96,13,44.47677053746821
97,13,45.589295330390996
98,13,44.47677053746821
99,13,42.33658388283379
100,13,42.76779019545364
101,13,45.390389434047336
102,13,45.89050779744855
103,13,43.27827282691112
104,13,39.04496334970378
105,13,37.000589485208195
106,13,38.47076965741371
107,13,40.20705696184609
108,13,37.54201909928031
109,13,33.576808903085805
110,13,30.970843785747434
111,13,28.629672972363608
112,13,27.579650904329355
113,13,26.8933212078486
114,13,25.537701224692057
115,13,27.41198284782911
116,13,28.381442738708643
117,13,28.66500904920815
118,13,26.571877316996677
119,13,26.604342988044095
120,13,28.569380106386177
121,13,28.56938010638612
122,13,29.794693202125586
123,13,31.380968811615674
124,13,31.380968811615617
125,13,30.26162303552553
126,13,27.520099448715996
127,13,25.987880624849424
128,13,23.256409589798523
129,13,22.242469444040808
130,13,22.882523472296725
131,13,25.885851639882787
132,13,25.482342597694867
133,13,27.343444791373145
134,13,27.3434447913732
135,13,24.061425215126405
136,13,25.960402401603517
137,13,29.77692674709664
138,13,33.672998594639694
139,13,36.712364245577874
140,13,39.301625901303225
141,13,38.39094681781825
142,13,37.141335524400745
143,13,33.25185610731239
144,13,31.009819931321374
145,13,29.92162598053011
146,13,27.28997167706808
147,13,30.484968959725393
148,13,31.952007339909187
149,13,28.643285265124803
150,13,27.916523247782266
151,13,26.37575724916144
152,13,24.473333230542778
153,13,27.314772634869996
154,13,29.892487805125597
155,13,30.410059886778868
156,13,30.921031934472296
157,13,32.70640984041643
158,13,36.71243856736754
159,13,39.38203362038905
160,13,39.38203362038905
161,13,39.651120394630084
162,13,38.35369243908269
163,13,38.353692439082636
164,13,41.008948563138176
165,13,42.78687479191967
166,13,40.93382551797504
167,13,38.507810541963295
168,13,39.56728517751924
169,13,39.547012923819125
170,13,35.508430040575206
171,13,31.49593918431748
172,13,30.65538387452233
173,13,29.963505781081153
174,13,29.963505781081153
175,13,30.655383874522272
176,13,28.583430834002797
177,13,26.023732325666003
178,13,24.727424535767966
179,13,28.012775933431897
180,13,28.135725570576597
181,13,28.135725570576597
182,13,30.58986422344617
183,13,30.090110681562805
184,13,27.661878342220632
185,13,25.24657823090911
186,13,27.15159538176499
187,13,28.670769379677893
188,13,28.481060755055182
189,13,30.31257559247092
190,13,31.410837981705185
191,13,30.28364859351052
192,13,30.283648593510577
193,13,30.312575592470864
194,13,28.48106075505501
195,13,28.48106075505507
196,13,31.68524639812148
197,13,33.29815920602215
198,13,32.142055253700505
199,13,29.59376054998461
200,13,29.150477911892494
201,13,28.55573030351013
202,13,28.10909018382995
203,13,29.18016884578475
204,13,28.58602613606388
205,13,27.98552480161112
206,13,28.569380106386063
207,13,28.569380106386177
208,13,26.12021269905739
209,13,26.12021269905739
210,13,28.681463819053135
211,13,31.281281980176857
212,13,31.76425687841669
213,13,31.76425687841663
214,13,31.764256878416518
215,13,31.736366570600126
216,13,34.37733965035807
217,13,34.95816787042986
218,13,33.20553437916436
219,13,32.27808256085376
220,13,33.205534379164305
221,13,33.786513878262724
222,13,31.863938655954485
223,13,29.263146467870286
224,13,27.39424427982783
225,13,26.95910750999508
226,13,26.829531072083228
227,13,28.36784906612212
228,13,29.767681513893308
229,13,29.041971638464872
230,13,29.041971638464815
231,13,32.230161857943415
232,13,33.39830970198801
233,13,31.755867679567928
234,13,30.451404031449613
235,13,30.451404031449613
236,13,31.75586767956787
237,13,32.31700636580763
238,13,31.75586767956787
239,13,29.194937359237827
240,13,23.82761351705284
241,13,21.835582295503684
242,13,22.39124570341579
243,13,21.452818296520206
244,13,21.302596991553287
245,13,22.756901330459755
246,13,24.713660151620786
247,13,28.676566389910533
248,13,28.555730303510074
249,13,25.915264214620777
250,13,25.38426560420413
251,13,27.278686288556287
252,13,32.576262301090594
253,13,35.14486511381324
254,13,36.36295903434552
255,13,37.439207157021656
256,13,37.526352836391595
257,13,35.911789561723765
258,13,35.7871849378937
259,13,34.4808451615047
260,13,37.307224385362474
261,13,39.40398309599533
262,13,38.47831673404539
263,13,38.77138964070696
264,13,38.542211879871104
265,13,37.1851155716642
266,13,37.1851155716642
267,13,40.26265708070832
268,13,40.48129850392428
269,13,40.48129850392428
270,13,40.70141729414138
271,13,38.973762637324626
272,13,36.23192852632718
273,13,35.90661144437945
274,13,38.28612858810044
275,13,37.85481603994293
276,13,34.21173339598357
277,13,34.21173339598357
278,13,33.64394049860027
279,13,28.315977555568907
280,13,25.89658740748854
281,13,27.31779861992868
282,13,27.31779861992868
283,13,27.317798619928624
284,13,29.417839138294937
285,13,28.540345040657826
286,13,28.07089849461886
287,13,26.661830352518564
288,13,25.219701125626955
289,13,24.239081131289254
290,13,24.239081131289197
291,13,28.2456494914652
292,13,29.37506908713266
293,13,28.245649491465258
294,13,28.860241629875475
295,13,28.860241629875475
296,13,28.10108802585944
297,13,30.683596399926103
298,13,33.246473837575365
299,13,34.403426792887956
300,13,34.403426792887956
301,13,36.05799611988084
302,13,38.9774649904831
303,13,37.64749128176908
304,13,35.168864591821205
305,13,35.168864591821205
306,13,32.670325857382466
307,13,31.419185964898645
308,13,30.349042228146516
309,13,26.57454058196106
310,13,25.90079098339146
311,13,25.050775424488847
312,13,28.24886262691848
313,13,30.905190039572176
314,13,27.808087653467
315,13,27.241973385196218
316,13,32.47840105819802
317,13,34.08906810787312
318,13,36.49708764375043
319,13,37.25098887954164
320,13,37.25098887954158
321,13,38.28612858810044
322,13,38.28612858810044
323,13,38.28612858810044
324,13,37.854816039942875
325,13,34.21173339598357
326,13,32.97809884013475
327,13,31.93053763684975
328,13,27.985524801611064
329,13,27.50501622599529
330,13,30.780115583498173
331,13,30.11697479063855
332,13,30.11697479063855
333,13,30.78011558349823
334,13,31.596617528269178
335,13,33.00990582168055
336,13,34.35579646020125
337,13,35.088531965461584
338,13,34.6060574020201
339,13,33.68825827282433
340,13,35.376407181257036
341,13,35.847456338007476
342,13,33.7642448937529
343,13,33.102206121167626
344,13,31.66651352724773
345,13,32.29204627554088
346,13,30.796723493610955
347,13,28.196301909097542
348,13,24.237980989529035
349,13,22.753417535239862
350,13,22.753417535239805
351,13,25.63451861941826
352,13,28.448884822620755
353,13,30.56321665329125
354,13,30.591302562206295
355,13,28.901561280286273
356,13,31.566640878554153
357,13,34.62379591012399
358,13,33.70176223361494
359,13,33.70176223361494
360,13,34.578794334216866
361,13,34.57879433421692
362,13,33.701762233614886
363,13,33.02842641615615
364,13,29.34837202729193
365,13,26.67471917970147
366,13,27.343444791373088
367,13,30.399021729774972
368,13,30.846630081595606
369,13,25.584642479876834
370,13,23.558231097224336
371,13,22.09397455085991
372,13,24.025683086204992
373,13,24.53367661260745
374,13,27.880938827222053
375,13,28.34804337993569
376,13,28.34804337993569
377,13,27.880938827221996
378,13,23.885215500112622
379,13,21.342318179679125
380,13,20.730060157050616
381,13,24.699526300394837
382,13,25.762657600104262
383,13,27.194538920373418
384,13,28.005388249092675
385,13,27.194538920373418
386,13,25.6525079652115
387,13,26.276836445694585
388,13,28.860241629875475
389,13,29.943570454610608
390,13,29.943570454610665
391,13,29.943570454610665
392,13,28.92847691576293
393,13,24.935792825271562
394,13,22.897221729373825
395,13,22.89722172937377
396,13,24.04663266235616
397,13,22.89722172937377
398,13,24.935792825271562
399,13,27.77449912392416
400,13,27.7744991239241
401,13,29.93101017504614
402,13,33.86280828729707
403,13,35.059191029120086
404,13,35.059191029120086
405,13,35.059191029120086
406,13,35.53255901298854
407,13,35.53255901298854
408,13,36.40056052436978
409,13,35.982946784739795
410,13,35.240587774117046
411,13,33.216678872924376
412,13,31.321469813464887
413,13,28.575010310536925
414,13,27.054969410429976
415,13,23.72161441179145
416,13,23.721614411791506
417,13,23.721614411791506
418,13,23.721614411791506
419,13,23.17077340291314
420,13,22.242469444040864
421,13,20.86268836847114
422,13,22.390009487117084
423,13,22.390009487117027
424,13,20.862688368471026
425,13,22.53838358675489
426,13,20.862688368471083
427,13,23.7923723189366
428,13,28.157992740863847
429,13,33.374052816159406
430,13,34.529861763651695
431,13,34.52986176365164
432,13,33.174190974721284
433,13,33.17419097472134
434,13,32.03211194859534
435,13,32.03211194859534
436,13,33.14236589530731
437,13,33.700851824218375
438,13,33.71670947412787
439,13,31.70154566608028
440,13,29.702754187022606
441,13,26.829793757207312
442,13,24.382798408254303
443,13,24.923211262325765
444,13,24.92321126232582
445,13,26.797659979430307
446,13,28.361475276678334
447,13,28.523636299567897
448,13,30.683596399926046
449,13,30.09605193515739
450,13,30.12492762531076
451,13,32.14604473584848
452,13,32.729446052160824
453,13,32.14604473584848
454,13,32.6339602361511
455,13,32.63396023615104
456,13,35.648389805697775
457,13,35.67163189557084
458,13,34.00742090257461
459,13,33.41516375798773
460,13,29.52682422318844
461,13,29.52682422318844
462,13,29.05441425378939
463,13,27.706765873458835
464,13,28.47848898886781
465,13,30.433164722056347
466,13,32.952168707739986
467,13,33.636405506069536
468,13,32.51394649786579
469,13,30.276810568745304
470,13,30.276810568745248
471,13,28.88433485619197
472,13,28.88433485619197
473,13,28.418863435169385
474,13,28.297272161487456
475,13,32.215119317019514
476,13,34.74187339102201
477,13,31.77476302516658
478,13,29.25318319210828
479,13,27.41198284782911
480,13,27.41198284782911
481,13,27.92338439658039
482,13,27.92338439658039
483,13,27.92338439658033
484,13,27.923384396580275
485,13,27.923384396580275
486,13,27.488588851325176
487,13,23.05207967488826
488,13,20.64496811021229
489,13,20.010795680223055
490,13,21.397800465521698
491,13,24.465519881055116
492,13,28.469684727255242
493,13,29.554318235133906
494,13,31.321469813465
495,13,33.85126831568408
496,13,33.85126831568408
497,13,35.512013570560555
498,13,39.14611591591887
499,13,40.83811287515442
500,13,41.04277842488182
501,13,43.05659467631966
502,13,43.11964027252657
503,13,40.599228228041284
504,13,37.89230929540685
505,13,37.098278507000884
506,13,35.48464179246969
507,13,35.48464179246969
508,13,38.01476018508299
509,13,39.34262286874838
510,13,36.964535727631585
511,13,36.523132849473484
512,13,36.43195312652125
513,13,34.38280725745142
514,13,34.324331098599544
515,13,34.32433109859949
516,13,34.920436394880426
517,13,34.91161458365758
518,13,35.39068934649487
519,13,35.815361270272035
520,13,33.862808287297014
521,13,31.292960755686067
522,13,31.320564107263408
523,13,34.50644210160067
524,13,35.97032531630515
525,13,38.3472246181185
526,13,37.58227007478331
527,13,37.12946189498541
528,13,37.493554094377146
529,13,37.12946189498541
530,13,36.67137636145122
531,13,35.4805718113725
532,13,33.01109382074924
533,13,32.52634117455358
534,13,32.634004172764946
535,13,29.843712425491617
536,13,28.5184043493922
537,13,28.659285051470476
538,13,28.376401576937667
539,13,28.890991979897194
540,13,28.301903615289234
541,13,26.43602705699243
542,13,28.77269327791396
543,13,29.853052733319487
544,13,32.945618449472136
545,13,35.97032531630509
546,13,37.77848551656058
547,13,38.79790128745441
548,13,38.79790128745452
549,13,33.47686131679927
550,13,31.19583671669443
551,13,31.19583671669443
552,13,32.99151999040578
553,13,35.647260636026886
554,13,35.64726063602683
555,13,35.64726063602683
556,13,35.19039948109031
557,13,32.04223370173412
558,13,31.209833002788912
559,13,31.209833002788912
560,13,31.123484346672626
561,13,33.80583321738766
562,13,36.904683253269184
563,13,38.18037430767731
564,13,37.96627037934513
565,13,36.57110653959512
566,13,36.12401685136848
567,13,35.55664084126255
568,13,34.324331098599544
569,13,36.49389453118323
570,13,36.47090159889393
571,13,33.862808287297014
572,13,30.751615388671155
573,13,31.839803204246778
574,13,31.839803204246778
575,13,32.67961943535249
576,13,35.77709514567016
577,13,34.88064230968763
578,13,33.69125163089461
579,13,31.15316103487453
580,13,31.15316103487453
581,13,29.54033611450177
582,13,29.09000518196717
583,13,30.19237787009547
584,13,33.31894246523058
585,13,32.767311979261876
586,13,28.821494672239737
587,13,28.07768042685069
588,13,24.651283587683224
589,13,23.17077340291314
590,13,22.286490883015176
591,13,23.721614411791506
592,13,25.044937343318395
593,13,29.552547445773314
594,13,30.027937892007117
595,13,29.99897830176957
596,13,30.027937892007117
597,13,30.58686111389727
598,13,33.08389140934821
599,13,33.092302157982886
600,13,33.08389140934827
601,13,34.3105198902407
602,13,36.301244212347115
603,13,34.93003145760639
604,13,35.39236418181122
605,13,32.21292259300145
606,13,29.932667557630623
607,13,28.864621523411927
608,13,28.864621523411927
609,13,28.86462152341187
610,13,28.382581285443223
611,13,28.985547991847568
612,13,27.158547154752682
613,13,26.60434298804398
614,13,25.320590655096794
615,13,27.985524801611064
616,13,28.10909018382995
617,13,26.204256562726073
618,13,28.10909018382995
619,13,30.663624430171126
620,13,33.26324146079145
621,13,32.25535628623254
622,13,31.596617528269235
623,13,29.3172091932081
624,13,31.112558526421196
625,13,31.76425687841663
626,13,31.764256878416518
627,13,31.22362602189287
628,13,29.92206989724116
629,13,31.59661752826912
630,13,34.76784950204649
631,13,35.83161520840213
632,13,33.37405281615935
633,13,33.83277002186861
634,13,34.529861763651695
635,13,34.52986176365164
636,13,34.55394431259174
637,13,34.52986176365164
638,13,36.14027367794387
639,13,37.349941126741555
640,13,36.89753430206383
641,13,37.79635626196472
642,13,36.555239160524536
643,13,34.06012511417066
644,13,32.35401145115122
645,13,31.209921946441057
646,13,29.892620253713687
647,13,28.996891480602642
648,13,27.895590652213798
649,13,26.00185803274485
650,13,26.893321207848544
651,13,27.579650904329355
652,13,28.686565925253547
653,13,27.609049464248358
654,13,24.52728048439741
655,13,22.580664720832033
656,13,22.580664720832033
657,13,24.561933038537234
658,13,25.53770122469217
659,13,28.3468380705732
660,13,29.942202230874955
661,13,31.697139854561556
662,13,33.119846183952006
663,13,34.24509798601366
664,13,36.89334137013623
665,13,37.57317235800929
666,13,39.57683227436553
667,13,43.337450873719945
668,13,44.684511045135764
669,13,44.23998949334322
670,13,45.44363278916586
671,13,45.44363278916586
672,13,44.021959715153116
673,13,42.26883021180345
674,13,38.3581699933236
675,13,34.702156345974686
676,13,32.4699474257431
677,13,31.86898516841177
678,13,32.00546096946857
679,13,29.165051997806643
680,13,29.13483817561331
681,13,32.37404275764237
682,13,32.37404275764237
683,13,31.776009599162364
684,13,31.776009599162478
685,13,31.77600959916242
686,13,34.84683347089742
687,13,37.42718635383193
688,13,36.98678393530281
689,13,37.514017666592565
690,13,40.28096721802649
691,13,39.58264685285354
692,13,39.34262286874838
693,13,39.57570406310981
694,13,37.72000980709487
695,13,36.571106539595064
696,13,36.57110653959512
697,13,35.67159025754597
698,13,34.01626516471691
699,13,30.122372092868545
700,13,28.803806062113097
701,13,28.977343542701647
702,13,27.72141902791708
703,13,28.928476915762815
704,13,29.051009878006994
705,13,24.445737488108193
706,13,24.58713827901761
707,13,27.194538920373418
0,14,39.64993797766755
1,14,40.07175593894124
2,14,39.80457691663554
3,14,39.1272453311488
4,14,39.321963991159635
5,14,40.48079790274886
6,14,39.744885678047694
7,14,38.451508797757185
8,14,37.350537249861475
9,14,34.89893974311542
10,14,32.481067364241824
11,14,29.555269395740595
12,14,30.183351442527282
13,14,29.413861278419517
14,14,31.102227691085147
15,14,32.981422316832095
16,14,34.247526399880826
17,14,36.091304766969756
18,14,33.489161808542576
19,14,32.38898161198267
20,14,35.324595332236356
21,14,36.90586639300648
22,14,35.6009604649592
23,14,37.1414016147595
24,14,40.901515006456805
25,14,42.158460575458605
26,14,42.517898925868565
27,14,40.820207782387854
28,14,38.3098066923655
29,14,35.83442134532123
30,14,33.39332420184894
31,14,33.417503631353384
32,14,35.85655067857465
33,14,35.834421345321175
34,14,32.95016648714454
35,14,35.3245953322363
36,14,34.903177729094296
37,14,32.45674337531608
38,14,31.654415222559066
39,14,30.49676097820401
40,14,32.61447916297044
41,14,35.03911644399636
42,14,35.73736497478211
43,14,37.26651991661788
44,14,39.48662395590935
45,14,39.48662395590941
46,14,38.80832056011644
47,14,41.01725342364813
48,14,41.085563411385124
49,14,39.66432962077994
50,14,41.11092561706323
51,14,41.110925617063174
52,14,38.9032012546474
53,14,37.718379565839484
54,14,35.30350192018443
55,14,35.71307656828981
56,14,37.96357544493134
57,14,37.00221786910083
58,14,35.303501920184374
59,14,35.71307656828975
60,14,36.22850932603728
61,14,34.691097154173235
62,14,33.855556539029294
63,14,32.77612973606227
64,14,31.180661949418607
65,14,32.010679590517384
66,14,32.010679590517384
67,14,33.18136202672525
68,14,32.67125428146397
69,14,30.356247388213603
70,14,28.427167523604396
71,14,28.87647757804956
72,14,28.87647757804956
73,14,27.136344189250508
74,14,26.30628910341045
75,14,28.785557804391317
76,14,29.34922498858566
77,14,30.48446869941978
78,14,33.364486177420986
79,14,34.45669705338469
80,14,35.34765553280755
81,14,35.0007032172212
82,14,35.34765553280755
83,14,36.76539347468815
84,14,38.05013201157789
85,14,40.25147565887886
86,14,43.640725466034496
87,14,45.7752533576724
88,14,44.93309254212846
89,14,44.878495793843456
90,14,46.50738396783635
91,14,47.553844584304215
92,14,49.51510699119126
93,14,49.11069913365651
94,14,47.924751585022136
95,14,48.27746775885993
96,14,49.2757350889425
97,14,49.27573508894244
98,14,47.17168552235921
99,14,45.236986893549215
100,14,46.80028311899673
101,14,48.14835650626003
102,14,47.25909871495355
103,14,44.44068814571972
104,14,42.2681148313755
105,14,41.38962555815516
106,14,41.628829491071826
107,14,40.7595150946413
108,14,39.52859997135266
109,14,35.85655067857465
110,14,32.96927938590329
111,14,31.314781461141138
112,14,31.928634603533794
113,14,30.1352590282533
114,14,30.108139019042483
115,14,30.59039527993491
116,14,32.264494835680864
117,14,31.71876357339511
118,14,30.964410251969184
119,14,29.917289047491977
120,14,31.220284939744943
121,14,32.314710065751854
122,14,33.3750467613865
123,14,33.82609448238901
124,14,33.82609448238901
125,14,31.467052295948406
126,14,29.77780994235303
127,14,27.492859919902457
128,14,25.809119224574715
129,14,27.065839276893314
130,14,29.608519003271795
131,14,29.608519003271795
132,14,30.025043567564012
133,14,30.501696694962675
134,14,28.7457529444045
135,14,28.745752944404444
136,14,32.258753978718005
137,14,34.642781788652485
138,14,38.31505591817313
139,14,39.90813663893812
140,14,39.90813663893806
141,14,40.31915569167461
142,14,39.11911288714634
143,14,35.08035780751709
144,14,33.49334747387587
145,14,31.1546433800184
146,14,31.675070113209756
147,14,35.36023568734339
148,14,34.85317476663437
149,14,32.93874951307674
150,14,31.56326200541065
151,14,29.149565732620715
152,14,28.728744691127986
153,14,32.43155189547019
154,14,32.975531906068284
155,14,32.9755319060684
156,14,35.03911644399636
157,14,37.497655449862464
158,14,42.42701744944759
159,14,43.649820545115176
160,14,42.443043483110614
161,14,41.52131472018311
162,14,41.673985985059915
163,14,42.76031075584052
164,14,45.27665368645637
165,14,45.22199876061302
166,14,41.43204330504483
167,14,41.43204330504483
168,14,42.698230381337225
169,14,40.141923202320584
170,14,37.65376043076958
171,14,35.49373702828967
172,14,34.179237011934504
173,14,32.55244317439781
174,14,34.15561768715878
175,14,33.63942051184938
176,14,31.206933271201535
177,14,28.807998575759598
178,14,29.36491063316811
179,14,31.233403893549337
180,14,32.31755896100037
181,14,31.78509226113539
182,14,32.61675839804576
183,14,31.32589631842461
184,14,29.853002638999214
185,14,29.85300263899927
186,14,32.25556735546223
187,14,32.25556735546223
188,14,32.79790661849643
189,14,33.868802202668974
190,14,33.86880220266892
191,14,33.91777401453601
192,14,33.86880220266892
193,14,32.79790661849637
194,14,30.68408734672704
195,14,32.79790661849637
196,14,35.16213521691526
197,14,35.60245859393717
198,14,34.48266457187174
199,14,33.23561276652288
200,14,32.195743174424365
201,14,32.30912918282144
202,14,31.774216994634287
203,14,31.77421699463423
204,14,32.23581676233346
205,14,31.220284939744943
206,14,30.753746728492388
207,14,29.91728904749192
208,14,30.52991068973961
209,14,31.298858986537937
210,14,33.732729109102536
211,14,34.86194951023748
212,14,35.217331474861226
213,14,34.86194951023742
214,14,35.717601075954576
215,14,36.62370670897394
216,14,37.81809809153924
217,14,36.71855762961576
218,14,34.26231674874248
219,14,34.26231674874242
220,14,37.16206150147957
221,14,36.740092184914715
222,14,34.2711624154411
223,14,31.83649332915519
224,14,30.16072487218952
225,14,30.79499028381639
226,14,32.00066676495163
227,14,34.61969822657892
228,14,33.305883360900054
229,14,31.207127047000768
230,14,33.305883360900054
231,14,35.25627917577373
232,14,35.25627917577373
233,14,34.136748532697425
234,14,32.97548570791065
235,14,34.136748532697425
236,14,34.716946240208415
237,14,34.71694624020847
238,14,34.136748532697425
239,14,30.46768259215895
240,14,26.76886015111154
241,14,24.98618252773781
242,14,25.484991122679844
243,14,25.739758885537412
244,14,25.325331320199098
245,14,27.574881576167172
246,14,31.245425847358774
247,14,31.748334846428634
248,14,29.871184198068306
249,14,28.26240731539781
250,14,29.961586985501924
251,14,33.61656840507925
252,14,37.27582275164781
253,14,38.44917497859643
254,14,39.415158503519194
255,14,40.196849552686274
256,14,39.48922252669894
257,14,39.00485998211542
258,14,40.24359037830931
259,14,40.24359037830931
260,14,40.012580107307826
261,14,40.01258010730777
262,14,41.8458771631108
263,14,43.89698311516213
264,14,41.58610202242278
265,14,40.56748648272145
266,14,42.710329043929676
267,14,43.1856705933493
268,14,42.24162647325949
269,14,43.1259930429793
270,14,43.18567059334936
271,14,41.67370378723831
272,14,38.938601706232134
273,14,38.938601706232134
274,14,40.9408388399367
275,14,39.76039424300876
276,14,37.85400979001844
277,14,37.026248774431906
278,14,34.62029888730103
279,14,30.48446869941978
280,14,30.036095903036312
281,14,30.519384260344793
282,14,31.245425847358774
283,14,32.46556603588681
284,14,32.465566035886866
285,14,31.247811094110205
286,14,30.744996118516326
287,14,28.16525545762886
288,14,28.165255457628916
289,14,28.35595223070368
290,14,29.619940403942906
291,14,31.54693646559423
292,14,31.54693646559417
293,14,32.57249426467166
294,14,32.112745652428885
295,14,33.084837385182595
296,14,34.14750857639655
297,14,35.51584776864138
298,14,36.63699394914312
299,14,35.35048064642723
300,14,38.12932290722398
301,14,41.48900763486381
302,14,41.955684095549316
303,14,38.339181185497466
304,14,36.87413292569863
305,14,36.042201010336385
306,14,34.93383041096877
307,14,33.81638447336877
308,14,32.77222427425153
309,14,30.902991816235385
310,14,29.56790358062301
311,14,29.56790358062301
312,14,34.239425043800566
313,14,33.83824899165171
314,14,31.483002992438628
315,14,33.51384978566688
316,14,35.85793323211914
317,14,37.26409597300085
318,14,39.22940019368309
319,14,39.229400193683034
320,14,40.16127491407008
321,14,41.34900866248614
322,14,41.5362326297153
323,14,40.9408388399367
324,14,39.760394243008705
325,14,36.39700158496146
326,14,34.85563228791216
327,14,34.27743836605458
328,14,31.80470361008497
329,14,33.66709602305542
330,14,33.760548037502815
331,14,32.6144791629705
332,14,33.66709602305542
333,14,35.4650637473336
334,14,36.36166930272839
335,14,37.63010581412914
336,14,37.28888519634273
337,14,36.853307394376316
338,14,35.55108058047068
339,14,37.515499156661804
340,14,38.70724564312246
341,14,39.39590186989119
342,14,36.623706708974055
343,14,34.16591603678063
344,14,35.23895951454426
345,14,35.75509623786269
346,14,33.286298832682405
347,14,29.55852278741935
348,14,27.16016926013748
349,14,25.343529819793787
350,14,27.16016926013748
351,14,31.978807188524513
352,14,34.52891932421471
353,14,34.06635026244004
354,14,32.570715640878575
355,14,32.66843345171219
356,14,37.293700352834435
357,14,37.37304277308817
358,14,35.91240911995607
359,14,35.48640293710275
360,14,36.73489380168701
361,14,35.48640293710275
362,14,35.91240911995601
363,14,35.240336046425
364,14,32.88701456504822
365,14,31.651346299630404
366,14,32.42301759791269
367,14,33.94109705764038
368,14,32.01494096853327
369,14,27.960722546420357
370,14,25.29187360127105
371,14,26.52037220116995
372,14,27.547684714641548
373,14,29.27729469216041
374,14,31.08478901071453
375,14,31.08478901071453
376,14,31.084789010714474
377,14,29.27729469216041
378,14,26.85903711253843
379,14,25.67184404885802
380,14,26.30960856217206
381,14,28.165255457628916
382,14,28.652693215452587
383,14,31.10156137922479
384,14,31.20693327120165
385,14,29.494959172313884
386,14,30.18632259287085
387,14,31.484872349086515
388,14,32.544406816781134
389,14,31.220767715036914
390,14,32.544406816781134
391,14,32.0765695653447
392,14,30.250570795862586
393,14,27.347187455128335
394,14,26.017855635958085
395,14,27.347187455128278
396,14,27.347187455128278
397,14,27.347187455128335
398,14,31.401758010201263
399,14,32.73435617595595
400,14,33.96842560291327
401,14,34.827987374242525
402,14,37.24621124304508
403,14,36.813466653657144
404,14,35.96137268731127
405,14,37.24621124304508
406,14,37.6742362708016
407,14,39.136758265634114
408,14,39.06158970899179
409,14,38.09155170679725
410,14,38.81486273087006
411,14,36.14685980185595
412,14,34.75446567916822
413,14,32.16351952855905
414,14,28.479619659810737
415,14,26.24187374595175
416,14,25.412508077382483
417,14,26.736347434380548
418,14,26.241873745951807
419,14,26.24187374595175
420,14,25.316761189753436
421,14,25.442826679153654
422,14,26.398290764497176
423,14,25.442826679153598
424,14,25.865246495516658
425,14,25.865246495516715
426,14,25.442826679153598
427,14,30.292887036284128
428,14,34.34867593725386
429,14,36.7015336102221
430,14,36.2762078863048
431,14,35.44588046836856
432,14,35.445880468368614
433,14,35.012631940719245
434,14,35.85564061505721
435,14,35.427166338005634
436,14,36.94107012608657
437,14,36.94107012608646
438,14,34.6893628562388
439,14,35.521999608324904
440,14,33.20538583893648
441,14,29.07987760938255
442,14,27.350239650213496
443,14,26.522390185855386
444,14,29.51805964148832
445,14,30.5448210101236
446,14,32.10022380074395
447,14,34.64050617743385
448,14,33.663610711062745
449,14,34.1475085763966
450,14,33.24220811493291
451,14,36.05790615581941
452,14,36.07936432603094
453,14,34.528233449046354
454,14,34.96894357086114
455,14,36.481253158352786
456,14,38.890481387546004
457,14,37.741414878701676
458,14,36.23985621680481
459,14,35.63503135794565
460,14,33.07613255066059
461,14,32.649247868934765
462,14,31.59266308331155
463,14,32.00382672074528
464,14,34.37514346286707
465,14,35.207013350446175
466,14,35.89009214343503
467,14,35.89009214343503
468,14,34.36936026121617
469,14,32.784195679340314
470,14,31.496920804228125
471,14,31.496920804228125
472,14,31.496920804228125
473,14,32.066831019359654
474,14,34.528611264261656
475,14,37.90547292046415
476,14,37.50467921062557
477,14,34.11990899699265
478,14,31.309231692426806
479,14,30.108139019042483
480,14,30.108139019042483
481,14,30.569359607453464
482,14,29.289235806390764
483,14,30.569359607453407
484,14,30.569359607453407
485,14,30.569359607453407
486,14,29.648827776713233
487,14,27.26418663157466
488,14,24.641944990269508
489,14,24.513710062815278
490,14,26.88927795859547
491,14,31.07678734556862
492,14,32.13522567603678
493,14,33.72475000596074
494,14,34.832508308966624
495,14,36.11575097959508
496,14,37.61375458584024
497,14,40.96918339356171
498,14,42.17733657964726
499,14,43.506397532164044
500,14,45.84623454507994
501,14,45.44073083842716
502,14,44.63743029212827
503,14,43.11961757320711
504,14,40.471792412108925
505,14,38.65852550941952
506,14,38.951651239555076
507,14,39.905045140370646
508,14,42.30918008544694
509,14,42.309180085447
510,14,39.97858084539837
511,14,39.24504563863087
512,14,39.92542444656647
513,14,37.69467492598932
514,14,36.596737912056255
515,14,37.69467492598926
516,14,38.211293933901516
517,14,37.13005842549393
518,14,39.041241965180916
519,14,38.531976214015856
520,14,36.09130476696981
521,14,35.22124298154216
522,14,37.315616609504445
523,14,38.97755974847604
524,14,41.36111511776778
525,14,40.94481716465896
526,14,39.134715170431036
527,14,40.147462316382644
528,14,40.567366915870025
529,14,38.71962899835438
530,14,38.71962899835438
531,14,36.32652969431433
532,14,34.877390847595734
533,14,35.987710962799554
534,14,35.98771096279961
535,14,33.4004195885953
536,14,34.617950503683915
537,14,32.24828329227199
538,14,31.047538122140168
539,14,31.511049903739433
540,14,30.909003415180052
541,14,30.882825893853067
542,14,32.38952257285223
543,14,33.95959638881294
544,14,37.61375458584024
545,14,40.45639085171274
546,14,42.09251300231335
547,14,41.435232675203565
548,14,39.43453019919161
549,14,35.324595332236356
550,14,33.71305649878343
551,14,35.324595332236356
552,14,37.80701229333113
553,14,39.007462760806106
554,14,39.303063074420606
555,14,38.576470346157805
556,14,36.94896083067181
557,14,36.02634530176874
558,14,36.02634530176874
559,14,34.69168437979579
560,14,34.78421582495014
561,14,38.52402434608962
562,14,40.16825357271887
563,14,41.11919326036542
564,14,41.10186170344241
565,14,39.65395050930039
566,14,38.896581811502244
567,14,37.69467492598932
568,14,38.13161053416201
569,14,39.74294752991062
570,14,38.531976214015856
571,14,34.827987374242525
572,14,34.82798737424247
573,14,36.55174133751797
574,14,36.551741337518024
575,14,38.466334056543815
576,14,38.54362102296443
577,14,36.63699394914312
578,14,34.666483951415955
579,14,33.61518614173747
580,14,33.162838687974386
581,14,33.23940441642799
582,14,32.73803267982822
583,14,34.320923465133944
584,14,36.200890632602466
585,14,33.81070449545689
586,14,32.97535506348265
587,14,31.116196487597506
588,14,27.554080079117682
589,14,24.90928160682506
590,14,25.412508077382483
591,14,27.914807460432087
592,14,31.623810101404672
593,14,33.14910527841505
594,14,34.05794099112006
595,14,33.57043644909663
596,14,34.057940991120006
597,14,34.10995489284568
598,14,36.397001584961515
599,14,36.397001584961515
600,14,36.481253158352786
601,14,37.1102806288622
602,14,37.1102806288622
603,14,38.09579242206394
604,14,38.174304943344055
605,14,34.11332464906343
606,14,32.49999728450507
607,14,33.05932899620166
608,14,32.49999728450507
609,14,32.62701698946972
610,14,32.074002737510796
611,14,31.558230412803653
612,14,29.91728904749192
613,14,29.344752454214756
614,14,29.344752454214756
615,14,31.220284939744886
616,14,30.27012871128852
617,14,30.270128711288464
618,14,33.122206414587595
619,14,36.572673386658096
620,14,36.14351041656937
621,14,34.621217566748214
622,14,33.52174074983225
623,14,33.52174074983225
624,14,34.17780364998595
625,14,34.17780364998583
626,14,34.17780364998589
627,14,33.61656840507919
628,14,33.52174074983219
629,14,37.55863976303294
630,14,40.122095007823475
631,14,38.909512899278184
632,14,37.05586765127197
633,14,36.7015336102221
634,14,36.2762078863048
635,14,37.75641377448625
636,14,37.75641377448625
637,14,38.15776116749413
638,14,39.32209710372149
639,14,38.911732270506775
640,14,40.34418229196956
641,14,42.013959246236766
642,14,39.672091877887794
643,14,36.2762078863048
644,14,34.73958860554325
645,14,33.62962944671631
646,14,31.15372936242295
647,14,31.153729362422837
648,14,30.553844478972053
649,14,30.553844478972053
650,14,31.92863460353385
651,14,30.88409628476103
652,14,31.35436502626186
653,14,29.834221904375
654,14,27.43178741697517
655,14,25.688452276831185
656,14,27.461383070829754
657,14,28.42697125386445
658,14,29.688655185660707
659,14,32.03219919846555
660,14,34.07003776500943
661,14,36.49016999225722
662,14,38.72435683234136
663,14,39.860028794596815
664,14,39.546286492402885
665,14,40.96918339356171
666,14,44.85680432617238
667,14,46.13998906839987
668,14,46.951978368052266
669,14,48.062559729078714
670,14,47.75501581362613
671,14,46.83587653853601
672,14,45.1642609622599
673,14,42.66426837876958
674,14,40.239394996316264
675,14,38.320069388909644
676,14,35.33784497419026
677,14,35.42716633800558
678,14,35.42716633800558
679,14,33.32486651606399
680,14,35.214722028599056
681,14,37.00221786910089
682,14,35.30350192018443
683,14,34.17923701193456
684,14,33.73272910910259
685,14,35.734796367939055
686,14,39.39633826415292
687,14,40.1745531456956
688,14,40.39616410011462
689,14,42.7867883910036
690,14,42.786788391003654
691,14,42.30918008544694
692,14,44.5732821865912
693,14,42.086343480990536
694,14,39.65395050930027
695,14,38.62577436989545
696,14,37.36019094953639
697,14,37.36019094953639
698,14,34.96235831757832
699,14,32.57827208119164
700,14,32.48026307287455
701,14,33.80981920288178
702,14,32.73788860580146
703,14,32.181546710963346
704,14,31.193761199271762
705,14,28.694692753865922
706,14,29.973663512869052
0,15,41.414856256669225
1,15,42.66103352733228
2,15,42.25871899471309
3,15,41.808374587663366
4,15,44.3960668835457
5,15,42.82398979915814
6,15,40.29390095235425
7,15,39.900266392828655
8,15,39.232715694220644
9,15,36.92968396967353
10,15,33.470778607092996
11,15,33.47077860709294
12,15,32.967403664603296
13,15,33.38063310640899
14,15,35.65925609636696
15,15,37.354936964933586
16,15,38.66003894677772
17,15,39.12536609323928
18,15,35.650659165091554
19,15,36.14964038590222
20,15,38.45095960397305
21,15,37.640185018869374
22,15,39.03791913419502
23,15,41.37053864990645
24,15,44.92151293757257
25,15,44.93460974562447
26,15,43.723342606465565
27,15,42.49522616420376
28,15,40.14060348765588
29,15,37.816656239577696
30,15,36.9445970076772
31,15,37.83564363395061
32,15,38.94211057869694
33,15,36.62375750769189
34,15,36.14964038590216
35,15,38.051647552631266
36,15,36.956173203373964
37,15,36.08334261957867
38,15,34.37548739811126
39,15,34.37548739811115
40,15,37.06523039152438
41,15,37.75689062724422
42,15,39.14519801836565
43,15,42.309588464378294
44,15,43.426994472969966
45,15,41.913615272022355
46,15,41.469596662664856
47,15,43.423936532644234
48,15,42.32280856611368
49,15,42.71942569123178
50,15,43.902192737603
51,15,41.557530193940465
52,15,40.68796591379396
53,15,39.54829643644388
54,15,38.625842271418264
55,15,40.79084308159349
56,15,41.92115827123706
57,15,39.54829643644382
58,15,38.625842271418264
59,15,38.7573134663873
60,15,37.74588747237203
61,15,35.55096111214914
62,15,35.957670924951856
63,15,34.91062711987087
64,15,33.042652111886014
65,15,34.2439982774103
66,15,35.29616175059675
67,15,35.85968951512018
68,15,35.85276627421814
69,15,33.152584874155934
70,15,32.40419770355828
71,15,32.27668446825993
72,15,31.302103498354597
73,15,28.498679375136703
74,15,30.014884246262454
75,15,31.79056579880944
76,15,32.81186530547524
77,15,35.09518738378074
78,15,36.56569276816799
79,15,37.99902026077973
80,15,37.99902026077973
81,15,37.99902026077973
82,15,39.58277507768645
83,15,41.01220513772745
84,15,43.23133673898508
85,15,45.089319699227815
86,15,45.93293993585246
87,15,47.10709846215934
88,15,47.05359994273897
89,15,48.58612263830423
90,15,51.003956265745444
91,15,51.62910553261207
92,15,51.481541256734715
93,15,49.85333799041388
94,15,50.2328972407812
95,15,52.54945771102325
96,15,52.54945771102325
97,15,51.56686656557633
98,15,49.462801707803806
99,15,48.79849056813805
100,15,49.310361006575135
101,15,49.310361006575135
102,15,48.11735796784819
103,15,46.99645932044183
104,15,46.01704187697953
105,15,44.14271858950474
106,15,42.05540595268576
107,15,42.43522585729443
108,15,41.25481450730763
109,15,37.43681307342632
110,15,35.13569161373243
111,15,35.13569161373243
112,15,34.74455283013867
113,15,33.93426679793754
114,15,32.95555222278739
115,15,34.04971266000831
116,15,35.01285279480743
117,15,35.41991267496229
118,15,33.79542875124264
119,15,32.308992622829294
120,15,34.505650178781934
121,15,35.53734799217909
122,15,35.537347992179036
123,15,35.94747822447317
124,15,34.746050547491734
125,15,33.29445456267598
126,15,30.966915998283127
127,15,29.57750760131188
128,15,30.100405059236778
129,15,32.96190869140037
130,15,32.97315813470675
131,15,33.43162606606461
132,15,32.85654060554987
133,15,31.640260994116375
134,15,32.648209314937446
135,15,34.42123389645337
136,15,36.66471992399511
137,15,38.937065715587266
138,15,41.23985766602499
139,15,40.43759831376701
140,15,41.619102839401194
141,15,41.99450639386043
142,15,40.46762819421366
143,15,37.085664756015944
144,15,34.43884420325253
145,15,34.86625171054283
146,15,36.17258378556801
147,15,37.97418126006238
148,15,38.28658153967626
149,15,36.12906902562548
150,15,33.829298438409126
151,15,32.65742464743346
152,15,33.43619837866896
153,15,35.19483701378749
154,15,35.19483701378755
155,15,36.663825663140415
156,15,39.37437687024095
157,15,42.794608061716474
158,15,46.31301296743504
159,15,46.32478768219312
160,15,43.97783921715467
161,15,44.41475966987116
162,15,45.51662215133291
163,15,46.6407684215896
164,15,47.485433952850144
165,15,45.41557954008931
166,15,43.88207071038539
167,15,44.262031669748865
168,15,43.05895916222187
169,15,41.85101624555023
170,15,40.84874792072452
171,15,38.57449370739488
172,15,36.26597829242621
173,15,36.24568598949219
174,15,36.8422403145081
175,15,35.77195065844978
176,15,33.48552585989802
177,15,32.73217540245935
178,15,32.31725022056759
179,15,34.976543580437806
180,15,35.464195182979324
181,15,33.61020104999892
182,15,33.61020104999892
183,15,33.18853877808277
184,15,33.68382341865379
185,15,34.46211612149938
186,15,35.49860458519839
187,15,35.90715240987913
188,15,35.999464925494806
189,15,35.99946492549475
190,15,37.027417803198205
191,15,37.027417803198205
192,15,35.99946492549475
193,15,34.548793664582774
194,15,34.54879366458283
195,15,35.99946492549475
196,15,37.201444046277174
197,15,37.60226740677109
198,15,37.51208754027141
199,15,35.85142036760965
200,15,35.46752429032017
201,15,35.46752429032017
202,15,34.025681377718115
203,15,34.99920591483732
204,15,34.99920591483732
205,15,33.09582427591761
206,15,31.878068556862445
207,15,33.795428751242696
208,15,35.016819841850975
209,15,35.85968951512018
210,15,36.952169080218084
211,15,37.898169971522464
212,15,37.89816997152235
213,15,38.36454199797919
214,15,39.951125590374204
215,15,39.72060698925321
216,15,39.32026789526242
217,15,37.4583771860635
218,15,35.99579105624218
219,15,37.87239409203306
220,15,39.81169211909287
221,15,38.67847734270077
222,15,36.360114672104544
223,15,34.071810324926446
224,15,33.56847787564902
225,15,35.298892401763055
226,15,37.69789788191002
227,15,37.71692686072464
228,15,35.02550827556797
229,15,35.02550827556797
230,15,36.08782047700606
231,15,36.885298999373504
232,15,37.289915557831876
233,15,36.20698285652077
234,15,36.20698285652077
235,15,36.79648721394159
236,15,36.796487213941646
237,15,36.796487213941646
238,15,35.023745227722145
239,15,32.76826143762577
240,15,29.325484838326304
241,15,27.716048012330987
242,15,29.24063719955319
243,15,29.214575987306944
244,15,29.631791667613925
245,15,33.48236455138448
246,15,34.00342538769519
247,15,32.79907245387409
248,15,31.78912899864457
249,15,32.29570436922933
250,15,35.7003201720093
251,15,37.961404578812335
252,15,40.259874173206924
253,15,41.13430322716886
254,15,41.897929627223505
255,15,41.89792962722339
256,15,42.0411297432662
257,15,43.0599565934595
258,15,45.20037443168627
259,15,42.601586100157135
260,15,40.54277375524782
261,15,43.045518366834244
262,15,46.49255714825654
263,15,46.481220361987766
264,15,44.407484690305864
265,15,45.40479323784331
266,15,45.393782808792594
267,15,44.628807751538545
268,15,44.577682544302206
269,15,45.39378280879265
270,15,45.40479323784331
271,15,43.94954327126305
272,15,41.49641101688843
273,15,41.39745494245312
274,15,42.55813415599931
275,15,42.67402856791517
276,15,40.2769094836471
277,15,37.74038291446391
278,15,36.25340707894907
279,15,33.888474340424125
280,15,32.902327319842016
281,15,34.00342538769519
282,15,35.72921512891941
283,15,35.24343933649533
284,15,34.680164592706944
285,15,33.58910241492248
286,15,31.85932845899174
287,15,30.712781022435593
288,15,31.76238170742124
289,15,33.05363573632758
290,15,32.63939131853073
291,15,33.44529609481117
292,15,35.38238696210226
293,15,35.38238696210226
294,15,35.85968951512018
295,15,38.39486440584267
296,15,38.39486440584267
297,15,38.574493707394936
298,15,37.37843752470371
299,15,38.76261429523771
300,15,43.051169857569505
301,15,44.22359733344507
302,15,42.34247714311118
303,15,39.716302520718386
304,15,37.587810608623954
305,15,37.97999035429365
306,15,36.90839365530189
307,15,35.90168060414857
308,15,36.26482448671533
309,15,34.122042925874155
310,15,33.34268337497292
311,15,35.09220151332892
312,15,36.88680398463663
313,15,36.768029584551584
314,15,36.95045716884175
315,15,36.63300967436834
316,15,38.70499990078741
317,15,39.791143502603006
318,15,40.95196940409858
319,15,41.79770854998134
320,15,42.938938891504165
321,15,44.195621697808804
322,15,43.823189450678115
323,15,42.55813415599931
324,15,41.42325307153544
325,15,37.91189649312179
326,15,36.90769312410583
327,15,37.313841385279716
328,15,37.12654366355281
329,15,36.38701327844615
330,15,35.8173209491967
331,15,35.73668162730576
332,15,37.98607434248959
333,15,39.61246859473431
334,15,40.56557858894439
335,15,40.16371105091412
336,15,38.79916163523433
337,15,37.58954015913599
338,15,38.985524632206705
339,15,40.52042837270437
340,15,41.84819336839212
341,15,41.78621412439213
342,15,37.369401238366606
343,15,37.290708202406165
344,15,38.40431041732592
345,15,37.76418816399985
346,15,34.24178664061583
347,15,31.95561606853721
348,15,29.260925921977616
349,15,29.260925921977616
350,15,32.99013380889022
351,15,37.53333571462662
352,15,37.552019077437876
353,15,35.7422730603389
354,15,35.73973317275045
355,15,37.961397389745684
356,15,39.806118431688105
357,15,39.17026101328963
358,15,37.4498989864432
359,15,37.4498989864432
360,15,37.4498989864432
361,15,37.4498989864432
362,15,37.83875961244081
363,15,38.05620829404211
364,15,37.1636291350236
365,15,36.052403964636994
366,15,35.65065916509161
367,15,34.856583354605675
368,15,33.81225390470803
369,15,29.261976865066288
370,15,29.155349205769028
371,15,29.70038288174618
372,15,31.713659034660736
373,15,32.20912362873548
374,15,33.449456381274274
375,15,33.44945638127422
376,15,32.20912362873537
377,15,31.71365903466068
378,15,30.48762986117066
379,15,30.48762986117066
380,15,29.472860171172385
381,15,30.712781022435593
382,15,32.19132870471668
383,15,34.01598696787977
384,15,33.065737955577276
385,15,33.481636150156476
386,15,34.742347090377734
387,15,34.794101120182745
388,15,33.5659294766985
389,15,33.5659294766985
390,15,34.36980353100961
391,15,33.134062154920514
392,15,32.18911760034712
393,15,29.90402200049141
394,15,29.90402200049141
395,15,30.355161805584657
396,15,31.04630075327958
397,15,33.23105030503052
398,15,35.91161998526928
399,15,38.22377639711749
400,15,38.22377639711755
401,15,37.948737685446986
402,15,38.749180372606816
403,15,37.54740413855012
404,15,37.948737685446986
405,15,39.143334024379214
406,15,40.86483806217501
407,15,41.555886183578764
408,15,40.80031627812821
409,15,41.260947602991166
410,15,41.260947602991166
411,15,38.99358618390755
412,15,37.799695469668734
413,15,33.18058056482505
414,15,30.493280328643493
415,15,27.664810545611658
416,15,28.12011424208106
417,15,28.900848314729558
418,15,28.9008483147295
419,15,28.900848314729558
420,15,29.156072399605875
421,15,29.035380235460877
422,15,29.035380235460764
423,15,29.64399718229754
424,15,28.900848314729444
425,15,29.643997182297653
426,15,31.40935143150739
427,15,35.96729282478981
428,15,37.42240972641861
429,15,38.2036311154971
430,15,37.027417803198205
431,15,37.42240972641861
432,15,37.027417803198205
433,15,38.41280751566785
434,15,38.79055858404712
435,15,38.79055858404712
436,15,39.880580654718756
437,15,37.6374724360129
438,15,38.08925577394933
439,15,38.48428539720504
440,15,34.913296900980754
441,15,31.48472356095988
442,15,28.694509121474994
443,15,30.692825610061846
444,15,32.88609053755192
445,15,33.88133747095105
446,15,37.678467435413324
447,15,37.20128396730024
448,15,37.220441394710804
449,15,36.81749817353494
450,15,36.81749817353489
451,15,39.091694989160715
452,15,38.004541663204634
453,15,36.596084901450695
454,15,38.3725917622391
455,15,39.4795719942162
456,15,40.65355451715578
457,15,39.54567644609176
458,15,38.17994952504819
459,15,38.46030871871977
460,15,35.78597095615868
461,15,34.83056911665665
462,15,35.216739599386074
463,15,37.3611129885677
464,15,38.53059223266763
465,15,37.84923320779791
466,15,37.84923320779791
467,15,37.454068787219285
468,15,36.39997432947149
469,15,33.764767854819524
470,15,33.764767854819524
471,15,33.764767854819524
472,15,34.74162249679148
473,15,37.52801776520079
474,15,39.67967670925964
475,15,40.39701892811962
476,15,39.30529134993816
477,15,35.76565632755654
478,15,33.53034818711075
479,15,32.4510294583751
480,15,32.4510294583751
481,15,31.679726327210346
482,15,31.679726327210346
483,15,32.8703896938361
484,15,32.8703896938361
485,15,32.45102945837499
486,15,33.03368097414682
487,15,30.63976147026858
488,15,28.399768112354536
489,15,29.458212073817833
490,15,32.92726177909566
491,15,34.37363485538316
492,15,35.815423798842744
493,15,36.88784987173693
494,15,36.88784987173693
495,15,39.44332727757353
496,15,42.55940476388139
497,15,43.71870594914958
498,15,44.577682544302206
499,15,47.91050505383049
500,15,47.910505053830605
501,15,46.74682612928666
502,15,46.708294570111775
503,15,45.293623903741775
504,15,41.706249434539814
505,15,41.706249434539814
506,15,42.81461830412621
507,15,43.81589242049961
508,15,45.00034961941685
509,15,44.65871937289302
510,15,42.322808566113736
511,15,42.33775492383404
512,15,42.71942569123172
513,15,39.550987539149105
514,15,39.55098753914905
515,15,40.706458210729295
516,15,40.024853228898905
517,15,40.41115221435422
518,15,41.48599704625764
519,15,40.32299709851719
520,15,39.390607807357185
521,15,40.45461219936544
522,15,41.41963459585378
523,15,43.71995295465666
524,15,43.69927828140209
525,15,42.16931635597763
526,15,41.79331704364529
527,15,42.95498814329193
528,15,41.819292536831995
529,15,40.49935692623683
530,15,39.32134115800824
531,15,37.843954165253365
532,15,37.91827579263406
533,15,39.021423457431354
534,15,38.81051788536894
535,15,38.810517885368995
536,15,37.64857869395365
537,15,34.44110289933923
538,15,33.36339327531158
539,15,33.784401343551735
540,15,34.61161207400397
541,15,34.17774998811177
542,15,36.01776324608784
543,15,38.27710240322568
544,15,41.73354479906021
545,15,44.414759669871046
546,15,44.361591122115954
547,15,41.87404105634607
548,15,40.78712500720144
549,15,37.3485010405488
550,15,37.3485010405488
551,15,39.67867844259615
552,15,40.83409364288718
553,15,42.1952130072811
554,15,41.80386152094326
555,15,40.03562641075433
556,15,40.27261750579652
557,15,40.27261750579652
558,15,39.07127769384624
559,15,37.757469064015766
560,15,39.14333402437927
561,15,41.505746651265895
562,15,42.750348492013586
563,15,43.95110178587828
564,15,43.62504100578849
565,15,42.03724010176552
566,15,40.70645821072941
567,15,40.89693813778001
568,15,41.101369470180714
569,15,41.48599704625758
570,15,39.14519801836565
571,15,38.22377639711749
572,15,39.14519801836559
573,15,40.71296044860634
574,15,41.55508395170915
575,15,40.98833724546597
576,15,39.9315225518564
577,15,37.37843752470371
578,15,36.69988244880881
579,15,35.33988228973152
580,15,36.380295722380254
581,15,36.38029572238031
582,15,36.380295722380254
583,15,36.97416169549001
584,15,36.97416169549007
585,15,37.305810577879356
586,15,35.626435789633604
587,15,33.37086041071899
588,15,28.86601856537459
589,15,27.664810545611658
590,15,29.20168655059001
591,15,33.859234490252334
592,15,34.899927262876474
593,15,36.731274543910786
594,15,37.134225591617906
595,15,37.11500158234389
596,15,37.13422559161796
597,15,37.13422559161796
598,15,39.391891875816896
599,15,39.25439661180695
600,15,39.003489256507066
601,15,37.81665623957764
602,15,39.89515392627169
603,15,40.632163777764276
604,15,39.582775077686506
605,15,36.18682859505941
606,15,36.18682859505941
607,15,36.18682859505935
608,15,35.77904342022015
609,15,35.79956890528746
610,15,34.328672272684855
611,15,33.79542875124264
612,15,32.30899262282924
613,15,32.72569091503368
614,15,32.30899262282924
615,15,33.09582427591761
616,15,33.66200668928025
617,15,34.85198237526021
618,15,38.4586495052439
619,15,39.162972092037876
620,15,38.05975971461618
621,15,36.27233342380015
622,15,37.02258211443444
623,15,36.27233342380015
624,15,36.272333423800035
625,15,36.27233342380009
626,15,36.272333423800035
627,15,36.627067191508104
628,15,38.99358618390761
629,15,42.46020639415133
630,15,42.83145872947
631,15,41.866798670735136
632,15,39.543967912916116
633,15,38.2036311154971
634,15,39.16789532962167
635,15,40.65824097716427
636,15,40.82844981048265
637,15,41.039149113022404
638,15,40.664079831399874
639,15,41.969861678089046
640,15,44.23826831076008
641,15,44.664733008610256
642,15,41.35483127623081
643,15,38.2036311154971
644,15,36.80813736396044
645,15,34.548769992654
646,15,33.04364204786833
647,15,33.46979329985618
648,15,34.33707449863931
649,15,35.13569161373243
650,15,34.74455283013867
651,15,33.238368664075836
652,15,33.238368664075836
653,15,32.21513868347847
654,15,29.954978888949938
655,15,29.980502945456692
656,15,30.929962132397065
657,15,32.0603607757551
658,15,33.072546055178975
659,15,35.73353608101223
660,15,38.410097469669495
661,15,41.56890041054106
662,15,43.712156731472646
663,15,42.16931635597763
664,15,42.55940476388139
665,15,45.8431527208175
666,15,47.40833951132936
667,15,48.14930368265675
668,15,50.442295079668156
669,15,50.064061138781824
670,15,48.933196986327346
671,15,47.7151633686932
672,15,45.358540519472285
673,15,44.15893798874566
674,15,43.12792578503047
675,15,40.73536205756443
676,15,38.322795216600184
677,15,38.5190378461902
678,15,38.77293649658333
679,15,38.572975411884954
680,15,39.47899175483337
681,15,39.54829643644388
682,15,37.27772252348183
683,15,35.85968951512024
684,15,37.28761435458216
685,15,39.948446423278824
686,15,41.8708403604582
687,15,43.157598648663736
688,15,45.03822039315173
689,15,45.06375426834859
690,15,45.03822039315179
691,15,47.09657867047861
692,15,46.681305131345255
693,15,43.625041005788376
694,15,41.339248746054636
695,15,39.23324475778736
696,15,38.84301217423217
697,15,38.049344428823474
698,15,36.96193760163504
699,15,35.655839634134054
700,15,36.88431571984813
701,15,38.08370477700856
702,15,35.53366782170707
703,15,34.03289968552025
704,15,34.57024044718338
705,15,33.39484358603619
0,16,43.75192114510213
1,16,44.87649687754231
2,16,44.488944365978455
3,16,46.49382365285146
4,16,46.45014475825354
5,16,43.14562318134983
6,16,41.54342833981889
7,16,41.543428339818945
8,16,40.8818446216776
9,16,37.600581631734656
10,16,36.77139863609091
11,16,35.99398286241632
12,16,36.34083301429354
13,16,37.528622880970374
14,16,39.70487675716589
15,16,41.24512799449235
16,16,41.451880477779014
17,16,40.789097296025375
18,16,38.86046894345674
19,16,39.04808669696854
20,16,39.04808669696848
21,16,40.69954928180698
22,16,42.89704945267977
23,16,45.12174531406555
24,16,47.44426396865339
25,16,45.905811624652415
26,16,45.13573564288339
27,16,43.96027936028264
28,16,41.74331907856998
29,16,40.81973945252315
30,16,40.81973945252315
31,16,40.63806779506325
32,16,39.50667669739869
33,16,39.2885578887566
34,16,38.67346176489053
35,16,39.812730005493904
36,16,40.025129583524006
37,16,38.47343565447028
38,16,37.6368582781725
39,16,38.47343565447022
40,16,39.52272088963957
41,16,40.79230590663644
42,16,43.742719308691505
43,16,45.91935861959166
44,16,45.54999972795997
45,16,44.13458085662643
46,16,43.71241147224492
47,16,44.47615016616959
48,16,44.930757954423825
49,16,45.266222923153066
50,16,44.16197351762992
51,16,43.044167511050944
52,16,42.25115405592726
53,16,42.35936945034604
54,16,43.1084491751061
55,16,44.4252046891454
56,16,44.07234341323374
57,16,42.35936945034604
58,16,41.30319242207901
59,16,40.06877747522691
60,16,38.359453623459274
61,16,37.42802568759822
62,16,37.800742336252824
63,16,36.415213564900625
64,16,35.07879159376523
65,16,37.15395693446635
66,16,37.72259018857022
67,16,38.6511379735818
68,16,38.22194245009547
69,16,36.53318379484597
70,16,35.37878996358887
71,16,34.381057734438514
72,16,32.30670460223325
73,16,31.826178067984074
74,16,32.78408466356967
75,16,34.8520017377129
76,16,37.00605312347295
77,16,38.03169267011515
78,16,39.71813244353518
79,16,40.41587749202097
80,16,40.543832094254526
81,16,41.90084277767198
82,16,43.34986525303293
83,16,45.76027870089354
84,16,47.47273095134119
85,16,47.175182101785424
86,16,47.175182101785424
87,16,48.97723911998281
88,16,50.35319399490231
89,16,52.76471401964568
90,16,54.61508533017627
91,16,53.35345800950415
92,16,52.057560370177555
93,16,51.83517247726593
94,16,54.21079315085194
95,16,55.4760980255291
96,16,54.57674188896635
97,16,53.37963747833811
98,16,52.5468393972705
99,16,51.024371239749314
100,16,50.3293610753617
101,16,50.01697389554744
102,16,50.24865859218926
103,16,50.24865859218926
104,16,48.366620924535255
105,16,44.38602758685954
106,16,43.552454292003915
107,16,43.90127937749719
108,16,42.42039004901079
109,16,39.20416868740017
110,16,38.34655098464617
111,16,37.68329775399826
112,16,37.970988314396095
113,16,36.39682437153556
114,16,36.012418522884275
115,16,36.564807974877965
116,16,38.281969338780925
117,16,37.900663996617084
118,16,35.758748191602706
119,16,35.31706618879349
120,16,37.42983635330239
121,16,37.429836353302335
122,16,37.429836353302335
123,16,36.68324013505952
124,16,36.30132361066762
125,16,34.18021016302572
126,16,32.75564500953686
127,16,33.24256251932593
128,16,35.53831400797702
129,16,35.921120254289576
130,16,36.35919997301443
131,16,35.90197569713172
132,16,33.78219777685575
133,16,35.15449903612597
134,16,37.60285214452051
135,16,38.440746306152676
136,16,40.58479867442168
137,16,41.65916686852614
138,16,41.65916686852614
139,16,42.01380860015115
140,16,43.11849990434524
141,16,43.11849990434524
142,16,42.011993280685715
143,16,37.74313640341239
144,16,37.72541555951955
145,16,38.84993768286944
146,16,38.595141064601364
147,16,41.00413657167604
148,16,41.00413657167604
149,16,37.98315054306164
150,16,36.775758678639534
151,16,36.77575867863948
152,16,35.98964546739734
153,16,37.13361101597911
154,16,38.47343565447022
155,16,40.65841409029338
156,16,44.21792791861145
157,16,46.42820061978563
158,16,48.74628660113723
159,16,47.53388616416987
160,16,46.46050115486656
161,16,47.93336930973601
162,16,48.93693617340983
163,16,48.65279446907391
164,16,47.53183531189012
165,16,47.42464844529724
166,16,46.384101282297536
167,16,44.50462228956536
168,16,44.50462228956536
169,16,44.53521713122103
170,16,43.48113085589813
171,16,40.271134250807165
172,16,39.37037127366659
173,16,38.676396895050004
174,16,38.67639689504995
175,16,37.63980010274145
176,16,36.82291228482069
177,16,35.31441984246311
178,16,35.754608417882935
179,16,37.87674936392125
180,16,36.937686499187464
181,16,34.4848826085302
182,16,35.22538845227075
183,16,36.5839748364354
184,16,37.7174366885057
185,16,37.40319898654781
186,16,38.727507738992756
187,16,38.7275077389927
188,16,37.86412020284172
189,16,38.79522823557295
190,16,39.85583502612383
191,16,38.79522823557295
192,16,37.48679452403684
193,16,37.79805689316754
194,16,37.48679452403678
195,16,37.86412020284166
196,16,38.98676307507526
197,16,40.251888569885296
198,16,39.813223813003106
199,16,38.58559097385512
200,16,38.34263329505154
201,16,37.315870864251735
202,16,36.88290420308721
203,16,37.52085156724553
204,16,36.50946916277627
205,16,34.00855727688105
206,16,35.37878996358893
207,16,37.90066399661703
208,16,39.010985268105344
209,16,38.77838940407685
210,16,39.63777697159361
211,16,40.339895535540165
212,16,40.89291873111489
213,16,42.26357221863236
214,16,42.64373554822379
215,16,41.01485069151647
216,16,39.86916858901395
217,16,38.8650502776444
218,16,39.25317544059675
219,16,40.32795440735629
220,16,41.46720085195227
221,16,40.37498997389406
222,16,38.19000191031233
223,16,36.911402446890065
224,16,37.73364184072739
225,16,40.32966578120869
226,16,40.516355347209014
227,16,39.088237381078045
228,16,38.23598120341563
229,16,37.570435078582705
230,16,37.570435078582705
231,16,38.69951730240672
232,16,39.07020092000829
233,16,38.934606296401284
234,16,38.61577569460144
235,16,38.615775694601496
236,16,38.615775694601496
237,16,37.486794524036725
238,16,36.91735060369655
239,16,34.78808728279603
240,16,31.56830199821229
241,16,31.086869938603456
242,16,32.40224733678076
243,16,32.87622350896612
244,16,35.069667597300395
245,16,35.978921385306194
246,16,34.85414897868549
247,16,34.46402437382858
248,16,35.241116959369776
249,16,37.53117028604578
250,16,39.66524802207152
251,16,40.73645238784462
252,16,42.643650733887796
253,16,43.387597262077634
254,16,43.38759726207752
255,16,44.16442841450339
256,16,45.61225151618328
257,16,47.608963043211986
258,16,47.20171950544898
259,16,42.9370400671782
260,16,43.35343416368579
261,16,47.34367080754947
262,16,48.84796032705782
263,16,48.73708904824383
264,16,48.737089048243774
265,16,47.75928530890934
266,16,46.64453584675147
267,16,46.61123262662835
268,16,46.64453584675147
269,16,47.36037975615733
270,16,47.399998047667
271,16,45.97616561376907
272,16,43.66280754838522
273,16,42.89191946904714
274,16,45.129280727163575
275,16,44.73151922213111
276,16,40.74376306065278
277,16,39.119891310079026
278,16,38.9823421783326
279,16,36.365312169419894
280,16,35.978921385306194
281,16,38.14971229757617
282,16,38.14971229757623
283,16,37.189699113492225
284,16,36.61938309497265
285,16,34.48366211311122
286,16,33.97223783545343
287,16,33.88811443469797
288,16,36.05764786442228
289,16,35.68564907723942
290,16,34.35632962983891
291,16,36.90256908784295
292,16,37.941178046784216
293,16,38.58333693205685
294,16,40.73429434872992
295,16,42.178812641990135
296,16,41.09484338295226
297,16,39.15368338471245
298,16,40.42014952340736
299,16,43.35245738350642
300,16,45.54999972795997
301,16,44.460976266203375
302,16,43.421426352514914
303,16,40.20981121378833
304,16,39.32127415165314
305,16,39.68136191472041
306,16,38.64602219736929
307,16,39.00022339343087
308,16,39.01656439504484
309,16,37.339944818097194
310,16,38.17707168611349
311,16,37.548853705876695
312,16,39.46596102158287
313,16,41.51130439040236
314,16,39.67590170916907
315,16,39.257178575408375
316,16,41.027393834209306
317,16,41.378706440624796
318,16,43.23828510281584
319,16,44.33524630331635
320,16,45.49037322569342
321,16,46.26965952992532
322,16,45.14086388770113
323,16,43.97837113083057
324,16,42.54848924772432
325,16,39.615637864596124
326,16,39.615637864596124
327,16,41.898271681486904
328,16,39.483486676673635
329,16,38.19979621997578
330,16,38.46296867813868
331,16,39.679979782172666
332,16,41.829258068212425
333,16,43.30982583420513
334,16,42.85535053514434
335,16,41.389552237908845
336,16,39.371164326780615
337,16,40.64730803939
338,16,41.749057464328644
339,16,43.323250719989176
340,16,44.03255851175942
341,16,42.16953582486701
342,16,39.998854417403095
343,16,40.16024052250657
344,16,40.160240522506626
345,16,38.39579972416567
346,16,36.212467188452194
347,16,33.66321722583973
348,16,32.56160877341404
349,16,34.606821942502165
350,16,38.15526838372409
351,16,40.29092382485828
352,16,38.89978271888987
353,16,38.5255248577389
354,16,40.426145342225254
355,16,40.29862785177204
356,16,41.3849333426723
357,16,40.40903817708994
358,16,39.17502655299904
359,16,38.08125892581148
360,16,39.17502655299904
361,16,39.17502655299904
362,16,40.344081755539435
363,16,41.7530068591675
364,16,40.97808541742944
365,16,38.86046894345674
366,16,36.41006386710774
367,16,36.41006386710774
368,16,34.66868855672408
369,16,32.51246440536414
370,16,32.01339604031483
371,16,33.44905456055284
372,16,34.35699166386263
373,16,34.35699166386263
374,16,35.51309531723666
375,16,34.356991663862516
376,16,34.356991663862516
377,16,34.76967134636584
378,16,34.76967134636584
379,16,33.21097106458046
380,16,31.782045598791
381,16,33.88811443469797
382,16,34.880249454588466
383,16,35.633799416610145
384,16,36.45240986056109
385,16,37.650561178349676
386,16,37.650561178349676
387,16,35.613764157137666
388,16,35.61376415713761
389,16,35.21948527196395
390,16,35.21948527196395
391,16,34.82130687117268
392,16,34.29840919031517
393,16,33.174540735780226
394,16,32.61452239598515
395,16,33.66015497215477
396,16,36.199113800225746
397,16,37.38187121629545
398,16,40.94495312093608
399,16,42.015088369993634
400,16,40.94495312093608
401,16,39.32065671504449
402,16,39.32065671504455
403,16,39.32065671504449
404,16,39.688449965850566
405,16,42.037414012822865
406,16,43.063993448525935
407,16,43.06399344852588
408,16,43.5207683230405
409,16,43.4944078241312
410,16,43.520768323040556
411,16,41.683704377881156
412,16,38.41590429030697
413,16,34.81261819860657
414,16,31.54779677841458
415,16,30.0729692050989
416,16,30.0729692050989
417,16,31.225438577345926
418,16,31.225438577345983
419,16,32.28455069354811
420,16,32.3067046022332
421,16,31.3421744865621
422,16,32.76124814036615
423,16,32.28455069354811
424,16,32.284550693548056
425,16,34.84169432691516
426,16,36.68034765868583
427,16,38.795228235573006
428,16,38.79522823557295
429,16,38.79522823557295
430,16,38.795228235573006
431,16,38.79522823557295
432,16,40.06357632136093
433,16,41.10987783538303
434,16,41.631351471898995
435,16,41.46975671846474
436,16,40.37336598381353
437,16,40.559605806666866
438,16,40.81068592863306
439,16,39.77398118678212
440,16,36.801742683706266
441,16,32.47561058839682
442,16,32.453654889158656
443,16,33.80601757333034
444,16,35.8399128915986
445,16,39.02757823633442
446,16,40.00161187025037
447,16,40.20276168395378
448,16,39.63655334859169
449,16,39.835071903235644
450,16,39.63655334859169
451,16,40.746038254455414
452,16,39.69600241046862
453,16,39.679979782172666
454,16,41.1022095745688
455,16,41.10220957456875
456,16,42.20033686731955
457,16,41.13243037097868
458,16,40.70187167179887
459,16,40.762420907372984
460,16,37.61209898059042
461,16,38.04016859854704
462,16,39.93692095378492
463,16,41.17667820628657
464,16,40.82259492977715
465,16,39.56803021567259
466,16,39.20540292816992
467,16,39.20540292816992
468,16,37.091123123120894
469,16,35.75188685759224
470,16,35.75188685759224
471,16,36.6395470587467
472,16,39.809367580741934
473,16,42.07413166886971
474,16,41.94406223960573
475,16,41.94406223960573
476,16,40.54424758169182
477,16,37.594446583624915
478,16,35.483218566259495
479,16,34.50581558685752
480,16,33.38675867379243
481,16,33.77695558204891
482,16,33.77695558204891
483,16,34.88980054385263
484,16,34.50581558685741
485,16,35.48321856625938
486,16,35.935555546120554
487,16,33.680861519320445
488,16,32.74250964088151
489,16,34.952232557296725
490,16,35.94997693191635
491,16,37.65075994219745
492,16,38.68788708138737
493,16,38.68788708138737
494,16,39.959028653001155
495,16,43.958711638933096
496,16,45.071775834390394
497,16,45.85517877996739
498,16,48.663994984059286
499,16,49.800376943351864
500,16,48.96950194833386
501,16,48.58221147040342
502,16,48.61748262420616
503,16,46.186065560720635
504,16,44.28657221379757
505,16,45.25698340513543
506,16,46.26689070584871
507,16,46.27680726502314
508,16,47.03978453754581
509,16,46.64719389123593
510,16,44.930757954423825
511,16,44.902803591749944
512,16,44.13168254446953
513,16,42.04039376908156
514,16,42.288730227763494
515,16,42.28873022776355
516,16,42.82095933368828
517,16,42.657970031297
518,16,43.01102273492319
519,16,43.10672244941651
520,16,44.070778778038346
521,16,44.07077877803829
522,16,45.784184875301776
523,16,45.78418487530172
524,16,44.71416384568977
525,16,44.39081105160068
526,16,44.356176504872735
527,16,44.01741933770819
528,16,43.2705033189672
529,16,40.958459123084424
530,16,40.60055808214577
531,16,40.42860925353972
532,16,40.678350867746985
533,16,41.490201901081946
534,16,43.51649559684199
535,16,41.490201901082
536,16,39.35409387511834
537,16,36.36540594073398
538,16,35.39042969227006
539,16,37.09978361399402
540,16,37.477953852836094
541,16,37.46015943347413
542,16,39.9590286530011
543,16,42.11734883338141
544,16,45.39624701497439
545,16,46.48904012908173
546,16,44.59148838137128
547,16,43.02880563766405
548,16,42.33672763750167
549,16,40.40016705656416
550,16,41.31629597587312
551,16,42.42812602885215
552,16,43.67271133775597
553,16,44.453286102458605
554,16,42.95553793956327
555,16,42.95553793956333
556,16,44.04425835648914
557,16,42.95553793956333
558,16,41.62033643208764
559,16,41.62033643208764
560,16,41.915377303761886
561,16,43.83640693259912
562,16,45.330844920297125
563,16,46.13298287311676
564,16,45.71417348390628
565,16,43.50766370079032
566,16,43.52089853609414
567,16,43.50766370079032
568,16,42.657970031297
569,16,41.89329143091362
570,16,42.01508836999352
571,16,42.01508836999352
572,16,42.97984809354796
573,16,45.14148267459484
574,16,43.742719308691505
575,16,42.179213343648826
576,16,40.42014952340736
577,16,39.15368338471234
578,16,38.11766645343329
579,16,38.187293463617664
580,16,39.23721050498892
581,16,39.45087528944748
582,16,38.7833039089997
583,16,37.654120686558315
584,16,40.06271336092874
585,16,39.63534008718267
586,16,37.48011344537235
587,16,34.24400624974493
588,16,31.155728052642814
589,16,31.06293744245687
590,16,34.70860604060209
591,16,36.83011727335793
592,16,38.14021644726165
593,16,39.553452723954706
594,16,40.12249610601879
595,16,39.9184584415932
596,16,39.707533119860386
597,16,39.91845844159326
598,16,41.890560382608896
599,16,41.47555956845872
600,16,39.55345272395465
601,16,40.38463439928739
602,16,42.1958999029024
603,16,41.84222860520799
604,16,41.18469624853219
605,16,39.28957242600336
606,16,39.036283782716
607,16,38.91813845528134
608,16,38.66777426021332
609,16,37.64360515210643
610,16,36.30132361066762
611,16,35.75874819160265
612,16,35.31706618879343
613,16,35.31706618879349
614,16,34.00855727688099
615,16,36.127034501902926
616,16,37.69994873486547
617,16,39.76155321122661
618,16,40.807679547987334
619,16,40.807679547987334
620,16,39.38675917298366
621,16,39.40303638266681
622,16,39.40303638266681
623,16,38.10717557728765
624,16,38.107175577287705
625,16,38.10717557728765
626,16,38.961049823909775
627,16,41.47513220862709
628,16,43.52076832304061
629,16,44.95336765174534
630,16,45.331744601999844
631,16,43.97665133955235
632,16,40.77161278033253
633,16,40.77161278033253
634,16,41.843687563677236
635,16,43.371380003478805
636,16,43.371380003478805
637,16,42.20252222874268
638,16,43.400871121097964
639,16,45.54116012377972
640,16,46.68591697677624
641,16,45.93733415694817
642,16,42.834450088279766
643,16,39.8953459258787
644,16,37.49478479239377
645,16,36.094273580704964
646,16,35.106626597585375
647,16,36.85412097305789
648,16,38.34655098464617
649,16,37.683297753998374
650,16,36.66847488588979
651,16,34.90208295036172
652,16,35.2957740742786
653,16,34.300939022594775
654,16,33.56908056922629
655,16,33.11928503208304
656,16,34.14026468019398
657,16,35.12485830956291
658,16,36.472039630297445
659,16,39.73437058765876
660,16,43.0401720402146
661,16,46.151505902920405
662,16,45.74364523802143
663,16,44.74826840455313
664,16,47.03856920075509
665,16,48.20839407626187
666,16,49.204095415117024
667,16,51.36603102755413
668,16,52.25320103954334
669,16,51.011660627322726
670,16,49.655767868926546
671,16,47.74585533642829
672,16,46.62171065072772
673,16,46.58894733486272
674,16,45.177142890983816
675,16,43.10443611358545
676,16,41.04959747957412
677,16,41.46975671846474
678,16,43.28719354419087
679,16,42.31802466594979
680,16,41.812780353687515
681,16,41.15483943064061
682,16,38.6511379735818
683,16,39.02757823633442
684,16,41.17743182324017
685,16,42.251154055927316
686,16,44.53806673139297
687,16,47.399998047667
688,16,47.049941971725275
689,16,47.049941971725275
690,16,49.280477575783664
691,16,49.01246041640661
692,16,47.83229453136977
693,16,44.97674576474702
694,16,41.74111627998366
695,16,40.51715702657873
696,16,39.404166936283275
697,16,39.76853803179222
698,16,39.546761488941684
699,16,39.546761488941684
700,16,40.801541868300546
701,16,40.44026878620838
702,16,37.04186841329346
703,16,37.04186841329346
704,16,38.62818091693225
0,17,45.800041567753794
1,17,46.82203447148254
2,17,48.65731854214209
3,17,48.3808103048014
4,17,46.550974270656354
5,17,44.1453181435956
6,17,42.991033995900125
7,17,42.991033995900125
8,17,41.29539735928654
9,17,40.423792703480785
10,17,38.97927036298307
11,17,38.99506688721726
12,17,40.028026410700306
13,17,41.23839114037918
14,17,43.32060403976146
15,17,43.71622337842291
16,17,42.91164367530854
17,17,43.407685677876486
18,17,41.43331187813163
19,17,39.5765776300334
20,17,41.83447933720737
21,17,44.244493328288854
22,17,46.34579166803445
23,17,47.49035180102345
24,17,48.234685740263444
25,17,47.08539464526257
26,17,46.37878259679678
27,17,45.252517950749336
28,17,44.29276760351519
29,17,44.29276760351519
30,17,43.285638574523716
31,17,41.07228308329303
32,17,41.848306748545895
33,17,41.48990185329154
34,17,40.29640677991955
35,17,42.53589139127615
36,17,42.13790399373437
37,17,41.25713954418035
38,17,41.25713954418035
39,17,40.7374471438315
40,17,42.24817380427555
41,17,45.01150150197532
42,17,47.06984560089688
43,17,47.84909781092534
44,17,47.399329272463376
45,17,46.10089465470867
46,17,44.689397084017514
47,17,46.82238049610481
48,17,47.19732414689895
49,17,45.433945984511354
50,17,45.433945984511354
51,17,44.359477004977975
52,17,44.74264047672949
53,17,46.363033926371884
54,17,46.36303392637177
55,17,46.38603821120205
56,17,46.36303392637183
57,17,44.742640476729434
58,17,42.38243248106971
59,17,40.52834995158594
60,17,39.93613109425979
61,17,39.08622385412417
62,17,39.086223854124114
63,17,38.10539547596477
64,17,37.766026639502
65,17,39.367731157756566
66,17,40.2149448569225
67,17,40.81433510830675
68,17,40.99194283584632
69,17,39.1801298342391
70,17,37.145409213656535
71,17,35.16847972180477
72,17,35.111573876780426
73,17,34.3679778430232
74,17,35.602023847550356
75,17,38.69349634915477
76,17,39.68699987167906
77,17,40.90164897191681
78,17,41.92058880293666
79,17,42.681028006920656
80,17,44.03376179677895
81,17,45.3893069382039
82,17,47.611442375181866
83,17,49.647842348126744
84,17,49.30510748792153
85,17,48.27170339430995
86,17,48.93646278297655
87,17,52.05132636609363
88,17,54.115982233775526
89,17,56.120398384425016
90,17,56.132255274082354
91,17,53.78917227399984
92,17,53.79382824614942
93,17,55.43026991944146
94,17,56.94447131334476
95,17,57.28056494683608
96,17,56.08281240015356
97,17,56.082812400153614
98,17,54.467441419686224
99,17,51.87042600711084
100,17,50.940079347739015
101,17,51.925692686985485
102,17,53.170405425294234
103,17,52.279959090688806
104,17,48.359837372860625
105,17,45.63482375838362
106,17,44.87242092826767
107,17,44.87242092826767
108,17,43.785142344964925
109,17,41.94079427784965
110,17,40.567761992629016
111,17,40.55307591848708
112,17,40.150329237534265
113,17,38.9695064099476
114,17,38.30245959156696
115,17,39.53936029621451
116,17,40.53788889632648
117,17,39.52318849938331
118,17,38.299393730649854
119,17,38.04175533196934
120,17,39.10004715407689
121,17,39.10004715407689
122,17,38.041755331969284
123,17,38.04175533196934
124,17,36.978640882204616
125,17,35.6608350681218
126,17,36.02473293514453
127,17,38.09893908523429
128,17,38.26551152080884
129,17,38.85004394070677
130,17,38.61232040275007
131,17,36.58872857956254
132,17,36.93146232564544
133,17,39.750491457047985
134,17,41.16533879563252
135,17,42.04254434903913
136,17,43.07850098649163
137,17,42.03110538549913
138,17,43.07850098649163
139,17,43.406048086525345
140,17,44.121164347299384
141,17,44.44328515880977
142,17,42.35610610803951
143,17,40.53929002530816
144,17,41.394337057372184
145,17,40.99474012157373
146,17,41.40838674760329
147,17,43.493475544213254
148,17,42.44519393588007
149,17,40.465896762268585
150,17,40.465896762268585
151,17,39.006751547260876
152,17,37.770008241916514
153,17,40.07188597614282
154,17,42.137903993734255
155,17,45.15912746675144
156,17,47.56424499404102
157,17,48.717594107217394
158,17,49.76087379385143
159,17,49.6228968345618
160,17,49.6228968345618
161,17,51.08164652004581
162,17,50.70719462593877
163,17,48.62925962008626
164,17,49.30215251928024
165,17,49.644956638477765
166,17,46.48911793463827
167,17,45.77796987227879
168,17,46.87220318791668
169,17,46.87220318791668
170,17,44.7841498858474
171,17,42.91422085219
172,17,41.49536918949667
173,17,40.29254485445733
174,17,40.29254485445733
175,17,40.490626186106226
176,17,39.10303465779589
177,17,38.28750992770853
178,17,38.45896723450585
179,17,39.163615269878164
180,17,37.56277068125013
181,17,35.96130578109296
182,17,38.270703253142926
183,17,40.299718757749304
184,17,40.299718757749304
185,17,40.29971875774925
186,17,41.311133741516244
187,17,40.29971875774919
188,17,40.35885256825202
189,17,41.38242179566623
190,17,41.382421795666176
191,17,40.02107574221674
192,17,40.377653059632166
193,17,40.37765305963211
194,17,39.16210454268088
195,17,39.50965654241526
196,17,41.39209871521189
197,17,42.35069639248309
198,17,42.116958242568614
199,17,41.11669285127749
200,17,39.9455045664742
201,17,39.73096135090174
202,17,39.17944744896562
203,17,38.83188652617446
204,17,37.16258044908113
205,17,37.14540921365659
206,17,39.1801298342391
207,17,41.574149218234595
208,17,41.57414921823471
209,17,41.1736787631678
210,17,41.86106098194165
211,17,43.024859370878005
212,17,44.37937575220218
213,17,44.74309830216845
214,17,43.67877896928297
215,17,41.43277374730434
216,17,41.08599667576044
217,17,41.65764061982799
218,17,41.513977903963394
219,17,41.85726089433109
220,17,42.92492627393466
221,17,41.87224289152226
222,17,40.587210005030556
223,17,40.587210005030556
224,17,42.4176361595637
225,17,42.825151950801114
226,17,41.676351160808736
227,17,41.82621307761792
228,17,40.455626125409594
229,17,38.89076905578139
230,17,39.241231519936946
231,17,40.30000469411584
232,17,41.46989840321601
233,17,41.05969659434368
234,17,40.220790116992305
235,17,40.220790116992305
236,17,39.16210454268082
237,17,39.16210454268082
238,17,38.5919145654716
239,17,36.57559746224695
240,17,34.412531001232594
241,17,33.998518334197456
242,17,35.6682508981317
243,17,37.715216003273156
244,17,37.3704181572715
245,17,36.66876057236624
246,17,36.30980175231696
247,17,37.572492462324306
248,17,39.92704813344011
249,17,41.17302258276618
250,17,42.205812478590076
251,17,42.95395452775949
252,17,44.70295857748437
253,17,44.70295857748425
254,17,45.416423940836296
255,17,47.48938438471788
256,17,49.66758839449051
257,17,49.43277672091875
258,17,47.25974423373407
259,17,45.368750361245304
260,17,47.39327295286529
261,17,49.53741222164177
262,17,50.83353128958083
263,17,52.5390177953077
264,17,50.833531289580776
265,17,48.7831491983398
266,17,48.411128195194124
267,17,48.445441375019186
268,17,48.41112819519418
269,17,49.20095439799064
270,17,49.08489432372505
271,17,47.83072093584275
272,17,44.92314656292899
273,17,45.298628551557556
274,17,47.01017650907056
275,17,44.92314656292899
276,17,41.859474853587415
277,17,41.520032348538166
278,17,41.10932813887848
279,17,38.95235691957231
280,17,39.77723730489038
281,17,40.38092095975395
282,17,39.77723730489038
283,17,38.903379987389656
284,17,37.275009883036034
285,17,36.35758780447691
286,17,36.6763111996313
287,17,37.81686590598372
288,17,38.45004383105021
289,17,37.10913334339102
290,17,37.54643851297527
291,17,39.25560761351721
292,17,40.81433510830669
293,17,42.924325202457055
294,17,44.24121123747784
295,17,44.58115807284503
296,17,41.492245615419336
297,17,41.8866617635062
298,17,44.63415540061561
299,17,45.69985352679953
300,17,45.699853526799586
301,17,45.38538336420652
302,17,43.68614490408106
303,17,41.66682612270739
304,17,40.854518738320394
305,17,41.18709396228729
306,17,41.321882847009704
307,17,41.52527760696165
308,17,41.662366871135475
309,17,41.66236687113536
310,17,40.33160583518088
311,17,39.941751554954465
312,17,43.85487794853208
313,17,43.86663356993438
314,17,41.89749891129998
315,17,41.428147781237726
316,17,42.4592691529117
317,17,43.51058833183862
318,17,45.57127014310396
319,17,46.63915935673771
320,17,47.39327295286529
321,17,47.39327295286523
322,17,46.309916783181734
323,17,44.921371222979474
324,17,43.87174634038752
325,17,41.92713553873722
326,17,43.871746340387574
327,17,43.91926765379151
328,17,40.984302297293254
329,17,40.577506334788325
330,17,41.98007796543379
331,17,43.21388901906579
332,17,45.271165526309915
333,17,45.31551426893577
334,17,43.882010260792924
335,17,41.77333346667922
336,17,42.11561733069419
337,17,43.176045691520414
338,17,44.308434830378985
339,17,45.32183943273367
340,17,44.272123595162384
341,17,44.27330776299158
342,17,42.534894139368475
343,17,41.7051457999799
344,17,40.62829598801409
345,17,40.016635731662916
346,17,37.59795138378087
347,17,36.46406424330502
348,17,37.28886883951378
349,17,39.39804687474708
350,17,40.73334490488679
351,17,41.436423187280184
352,17,41.24774757329584
353,17,42.83263558711462
354,17,42.50122972030425
355,17,41.76236966659678
356,17,42.460112064825864
357,17,41.84113178320922
358,17,39.67505591531949
359,17,39.67505591531949
360,17,40.702708528659684
361,17,41.45601813520602
362,17,43.77733019990478
363,17,45.07742058331115
364,17,43.40768567787643
365,17,39.38311649163961
366,17,37.79355034386833
367,17,37.083088150110655
368,17,37.307107034931676
369,17,35.0122098138483
370,17,35.362687212477965
371,17,35.87717936506357
372,17,36.24719750488316
373,17,36.247197504883104
374,17,36.24719750488305
375,17,36.247197504883104
376,17,37.10066836231198
377,17,38.6020435124658
378,17,37.17072243829847
379,17,35.12459966614915
380,17,34.6996269819864
381,17,36.35758780447685
382,17,36.35758780447691
383,17,38.693496349154714
384,17,40.15569109447591
385,17,40.31167320262722
386,17,38.24893212087312
387,17,37.41744512408047
388,17,37.055122973540676
389,17,35.97109867780483
390,17,36.68943297231067
391,17,36.68943297231067
392,17,37.068278358184784
393,17,35.55317632015965
394,17,35.55317632015965
395,17,38.43360389375454
396,17,39.88908858232719
397,17,42.05324504207289
398,17,44.434761746350546
399,17,44.434761746350546
400,17,42.05324504207289
401,17,39.82724434218966
402,17,40.88495168320247
403,17,40.88495168320247
404,17,42.38122481180051
405,17,44.07263783667912
406,17,44.395946356979096
407,17,45.503630661297734
408,17,45.50363066129779
409,17,45.503630661297734
410,17,45.83877614238395
411,17,42.0504653023462
412,17,39.663609642030224
413,17,35.568436199332496
414,17,33.54531505091961
415,17,31.811144170351554
416,17,32.195548619183285
417,17,33.27498968672967
418,17,34.237240420650835
419,17,35.168479721804715
420,17,34.25664675013627
421,17,34.67809221490103
422,17,35.16847972180466
423,17,35.166920280085776
424,17,37.10335996914915
425,17,39.51719491585499
426,17,39.320986810817715
427,17,40.02107574221674
428,17,39.320986810817715
429,17,40.358852568252075
430,17,40.02107574221674
431,17,41.5271114004164
432,17,42.537352110968584
433,17,43.664457430737514
434,17,43.99626408081389
435,17,41.845851078457144
436,17,42.974765879541906
437,17,42.987330014803376
438,17,41.92393682423415
439,17,41.2561037383785
440,17,37.43559432885701
441,17,35.671914786885395
442,17,35.32233579187363
443,17,36.529434170381194
444,17,40.567859047768366
445,17,41.1736787631678
446,17,42.66735772132739
447,17,42.317979218254266
448,17,42.31797921825421
449,17,42.317979218254266
450,17,41.166376698185616
451,17,42.20786981113673
452,17,42.32387681276197
453,17,42.20786981113673
454,17,42.53686980360146
455,17,42.53686980360146
456,17,43.56832943067127
457,17,43.26200583078656
458,17,42.82515195080106
459,17,42.19154083181769
460,17,40.39289669455087
461,17,42.37424394484657
462,17,43.34707887559023
463,17,43.267008260438615
464,17,42.24412312327189
465,17,40.75339572937378
466,17,40.75339572937378
467,17,39.71097456322599
468,17,38.738059335992034
469,17,37.507365019435895
470,17,38.3193382583014
471,17,41.29891949011136
472,17,44.03156443187709
473,17,44.078392761097405
474,17,43.31395518300894
475,17,42.992223385767545
476,17,41.97703630522318
477,17,39.213772447584745
478,17,37.21367000173632
479,17,35.2725427880672
480,17,35.2725427880672
481,17,35.63176988346572
482,17,35.63176988346572
483,17,36.322561342900656
484,17,37.21367000173626
485,17,38.172781230071564
486,17,38.42181212775989
487,17,37.45619849699909
488,17,37.626483867815125
489,17,37.71064411051134
490,17,38.933399339597884
491,17,40.27740727162467
492,17,40.27740727162467
493,17,41.44769444329904
494,17,44.19250380665886
495,17,46.269064989373646
496,17,46.98806022075166
497,17,49.62620904735928
498,17,50.42454466385527
499,17,50.710177726359746
500,17,50.52008169199257
501,17,50.345604284626745
502,17,49.29316539356961
503,17,48.28893590923349
504,17,47.45000143350791
505,17,48.445441375019186
506,17,48.445441375019186
507,17,48.1069122725724
508,17,48.85655989093641
509,17,48.75998091756742
510,17,47.19732414689895
511,17,46.12920969126964
512,17,46.11452475133024
513,17,44.46684825932505
514,17,43.683792153304466
515,17,44.80719120874562
516,17,44.80719120874562
517,17,44.030491342862376
518,17,45.473445131678204
519,17,47.31817251378618
520,17,47.31817251378618
521,17,47.939794580877674
522,17,47.68129617603262
523,17,46.618068298257924
524,17,46.65762703887509
525,17,46.65762703887509
526,17,45.28227749719258
527,17,45.28227749719258
528,17,43.54317268841504
529,17,42.074903632265205
530,17,42.874682765751515
531,17,42.88745361832184
532,17,42.88745361832184
533,17,45.834433385779676
534,17,45.83443338577973
535,17,42.887453618321786
536,17,40.86521970890175
537,17,38.06766774911682
538,17,38.408566933175564
539,17,39.74316745176674
540,17,40.27399465246589
541,17,41.11652797893271
542,17,43.4897972242436
543,17,45.555325776295604
544,17,47.31937598167593
545,17,46.58863274789968
546,17,45.511419512690225
547,17,44.38525119366028
548,17,44.8221346258598
549,17,43.90709299621989
550,17,43.831328322687625
551,17,44.97662999488443
552,17,45.733622636695316
553,17,45.408853742909855
554,17,45.42954565158584
555,17,46.42400080004006
556,17,46.42400080004006
557,17,45.079169292394965
558,17,45.07916929239491
559,17,44.084796932351594
560,17,44.08479693235165
561,17,46.22921216034075
562,17,47.28166873805361
563,17,48.03491495719294
564,17,46.892235118216206
565,17,45.90199937625579
566,17,45.9093932200945
567,17,44.80719120874562
568,17,42.97621788898033
569,17,44.434761746350546
570,17,45.41434088290538
571,17,45.41434088290538
572,17,47.06984560089688
573,17,47.06984560089683
574,17,44.696844748842636
575,17,42.52203553644682
576,17,41.8866617635062
577,17,40.37925932944529
578,17,40.55833748920958
579,17,40.79970585899912
580,17,41.964583778063854
581,17,41.556470818208254
582,17,39.32039860236421
583,17,40.51896298505011
584,17,42.1879640232392
585,17,41.15913287537853
586,17,38.07905125115627
587,17,36.06415349644584
588,17,34.051196925039676
589,17,36.15608877965235
590,17,37.475320340020744
591,17,39.738499591248626
592,17,40.750032764395655
593,17,42.240430050964335
594,17,42.589817974017876
595,17,42.18734419512492
596,17,42.18734419512492
597,17,42.240430050964335
598,17,43.91914751321741
599,17,41.84957059671905
600,17,41.84957059671905
601,17,42.53589139127598
602,17,43.25047684367763
603,17,43.25047684367763
604,17,43.724439205427416
605,17,41.79514046807435
606,17,41.44208533934898
607,17,41.456002197982116
608,17,40.26609119534038
609,17,39.27454542094512
610,17,38.041755331969284
611,17,38.2993937306498
612,17,37.69360632572619
613,17,36.73226672276644
614,17,36.80227036326454
615,17,39.88250315106103
616,17,42.05625202277679
617,17,41.93083554134614
618,17,42.26156833496708
619,17,41.93083554134614
620,17,42.05625202277673
621,17,41.58811667346811
622,17,40.919905268947105
623,17,39.727806504771706
624,17,39.72780650477165
625,17,40.50972439335959
626,17,43.481859984589164
627,17,45.509770387552635
628,17,45.83877614238395
629,17,47.198340414218876
630,17,47.19834041421876
631,17,44.891878205029855
632,17,42.96867253506309
633,17,43.22646216369583
634,17,44.32774858646138
635,17,45.70330393787208
636,17,44.32774858646138
637,17,44.67020197703067
638,17,46.696022981887324
639,17,47.793845119277705
640,17,47.793845119277705
641,17,47.06583964241719
642,17,44.14563248685607
643,17,40.35885256825196
644,17,38.81355286253881
645,17,37.824601911612376
646,17,38.184536264742746
647,17,40.567761992629016
648,17,40.567761992629016
649,17,39.352081736700256
650,17,38.0189231519733
651,17,36.747245056910174
652,17,37.10913334339108
653,17,37.40031781189026
654,17,36.32256134290077
655,17,35.979098551850996
656,17,36.935451188346406
657,17,38.172781230071564
658,17,40.21035361280809
659,17,44.02724318333037
660,17,47.27115042674944
661,17,48.00546124901831
662,17,47.92868747700413
663,17,48.77307197606643
664,17,49.21888102634955
665,17,49.854471933495006
666,17,52.185401261003165
667,17,53.0355405552387
668,17,53.0355405552387
669,17,51.5717245517331
670,17,49.577116313562556
671,17,48.77824269540696
672,17,48.76987295681448
673,17,48.40337040693794
674,17,47.06324913592579
675,17,45.46015643327547
676,17,43.60403686922831
677,17,45.6112012281348
678,17,46.56182170567894
679,17,44.359477004977975
680,17,43.22488545578426
681,17,42.250017282097076
682,17,41.37984186027734
683,17,42.60242172824212
684,17,43.304597467747556
685,17,44.742640476729434
686,17,48.445441375019186
687,17,49.23351106816136
688,17,48.75998091756742
689,17,50.99998770133709
690,17,50.97327234423335
691,17,49.982182778048866
692,17,48.85302157056606
693,17,45.15705738370576
694,17,42.796920285024214
695,17,40.951413860934565
696,17,40.951413860934565
697,17,42.04533719085043
698,17,43.03924680450285
699,17,43.03924680450285
700,17,42.94694449342347
701,17,41.579193149733214
702,17,39.600049657068496
703,17,40.8114801981381
