sense_start,sense_length,on_target_fold_openness,on_target_fold_openness_normalized
0,16,-13.1875,-0.82421875
1,16,-13.375,-0.8359375
2,16,-13.5625,-0.84765625
3,16,-13.75,-0.859375
4,16,-13.9375,-0.87109375
5,16,-14.125,-0.8828125
6,16,-14.3125,-0.89453125
7,16,-14.5,-0.90625
8,16,-14.6875,-0.91796875
9,16,-14.875,-0.9296875
10,16,-15.0625,-0.94140625
11,16,-15.25,-0.953125
12,16,-15.4375,-0.96484375
13,16,-15.625,-0.9765625
14,16,-15.8125,-0.98828125
15,16,-15.918750007947287,-0.9949218754967054
16,16,-15.837500015894573,-0.9898437509934108
17,16,-15.756250023841858,-0.9847656264901161
18,16,-15.675000031789144,-0.9796875019868215
19,16,-15.593750039736431,-0.9746093774835269
20,16,-15.512500047683716,-0.9695312529802322
21,16,-15.431250055631002,-0.9644531284769376
22,16,-15.350000063578289,-0.9593750039736431
23,16,-15.268750071525574,-0.9542968794703484
24,16,-15.18750007947286,-0.9492187549670538
25,16,-15.15937509139379,-0.9474609432121118
26,16,-15.131250103314718,-0.9457031314571699
27,16,-15.103125115235647,-0.943945319702228
28,16,-15.075000127156576,-0.942187507947286
29,16,-15.046875139077505,-0.9404296961923441
30,16,-14.890625139077505,-0.9306640711923441
31,16,-14.815625131130219,-0.9259765706956387
32,16,-14.740625123182934,-0.9212890701989334
33,16,-14.665625115235647,-0.916601569702228
34,16,-14.59062510728836,-0.9119140692055225
35,16,-14.515625099341076,-0.9072265687088172
36,16,-14.44062509139379,-0.9025390682121118
37,16,-14.365625083446503,-0.8978515677154064
38,16,-14.290625075499218,-0.8931640672187011
39,16,-14.215625067551931,-0.8884765667219957
40,16,-13.968750059604645,-0.8730468787252903
41,16,-13.668750047683716,-0.8542968779802322
42,16,-13.368750035762787,-0.8355468772351742
43,16,-13.068750023841858,-0.8167968764901161
44,16,-12.768750011920929,-0.7980468757450581
45,16,-12.409375001986822,-0.7755859376241764
46,16,-12.178125003973644,-0.7611328127483528
47,16,-11.946875005960464,-0.746679687872529
48,16,-11.715625007947287,-0.7322265629967054
49,16,-11.484375009934109,-0.7177734381208818
50,16,-11.253125011920929,-0.7033203132450581
51,16,-11.021875013907751,-0.6888671883692344
52,16,-10.790625015894573,-0.6744140634934108
53,16,-10.559375017881393,-0.6599609386175871
54,16,-10.328125019868216,-0.6455078137417635
55,16,-10.025000010927519,-0.6265625006829699
56,16,-9.893750001986822,-0.6183593751241764
57,16,-9.762499993046125,-0.6101562495653828
58,16,-9.631249984105429,-0.6019531240065893
59,16,-9.499999975164732,-0.5937499984477957
60,16,-9.436458294590315,-0.5897786434118947
61,16,-9.432291612029076,-0.5895182257518172
62,16,-9.428124929467838,-0.5892578080917399
63,16,-9.423958246906599,-0.5889973904316624
64,16,-9.41979156434536,-0.588736972771585
65,16,-9.415624881784122,-0.5884765551115076
66,16,-9.411458199222883,-0.5882161374514302
67,16,-9.407291516661644,-0.5879557197913527
68,16,-9.403124834100407,-0.5876953021312754
69,16,-9.398958151539167,-0.587434884471198
70,16,-9.405208140611649,-0.587825508788228
71,16,-9.483333140611649,-0.592708321288228
72,16,-9.561458140611649,-0.597591133788228
73,16,-9.639583140611649,-0.602473946288228
74,16,-9.717708140611649,-0.607356758788228
75,16,-9.843749806284904,-0.6152343628928065
76,16,-9.90208314359188,-0.6188801964744925
77,16,-9.960416480898857,-0.6225260300561786
78,16,-10.018749818205833,-0.6261718636378646
79,16,-10.07708315551281,-0.6298176972195506
80,16,-10.135416492819786,-0.6334635308012366
81,16,-10.193749830126762,-0.6371093643829226
82,16,-10.252083167433739,-0.6407551979646087
83,16,-10.310416504740715,-0.6444010315462947
84,16,-10.368749842047691,-0.6480468651279807
85,16,-10.513541504740715,-0.6570963440462947
86,16,-10.647916495800018,-0.6654947809875011
87,16,-10.782291486859322,-0.6738932179287076
88,16,-10.916666477918625,-0.682291654869914
89,16,-11.051041468977928,-0.6906900918111205
90,16,-11.115624795357386,-0.6947265497098366
91,16,-11.132291456063587,-0.6957682160039742
92,16,-11.14895811676979,-0.6968098822981119
93,16,-11.165624777475992,-0.6978515485922495
94,16,-11.182291438182194,-0.6988932148863871
95,16,-11.198958098888397,-0.6999348811805248
96,16,-11.215624759594599,-0.7009765474746624
97,16,-11.2322914203008,-0.7020182137688
98,16,-11.248958081007004,-0.7030598800629377
99,16,-11.265624741713205,-0.7041015463570753
100,16,-11.252083073059717,-0.7032551920662323
101,16,-11.152083079020182,-0.6970051924387614
102,16,-11.052083084980646,-0.6907551928112904
103,16,-10.95208309094111,-0.6845051931838194
104,16,-10.852083096901575,-0.6782551935563484
105,16,-10.638541440169016,-0.6649088400105635
106,16,-10.494791448116302,-0.6559244655072689
107,16,-10.351041456063587,-0.6469400910039742
108,16,-10.207291464010874,-0.6379557165006796
109,16,-10.06354147195816,-0.628971341997385
110,16,-9.919791479905445,-0.6199869674940903
111,16,-9.776041487852732,-0.6110025929907957
112,16,-9.632291495800018,-0.6020182184875011
113,16,-9.488541503747303,-0.5930338439842064
114,16,-9.34479151169459,-0.5840494694809119
115,16,-9.089583188295364,-0.5680989492684603
116,16,-8.864583194255829,-0.5540364496409893
117,16,-8.639583200216293,-0.5399739500135183
118,16,-8.414583206176758,-0.5259114503860474
119,16,-8.189583212137222,-0.5118489507585764
120,16,-7.980208218097687,-0.4987630136311054
121,16,-7.884374886751175,-0.49277343042194843
122,16,-7.788541555404663,-0.48678384721279144
123,16,-7.692708224058151,-0.48079426400363445
124,16,-7.596874892711639,-0.47480468079447746
125,16,-7.501041561365128,-0.4688150975853205
126,16,-7.405208230018616,-0.4628255143761635
127,16,-7.309374898672104,-0.4568359311670065
128,16,-7.213541567325592,-0.4508463479578495
129,16,-7.11770823597908,-0.4448567647486925
130,16,-6.971874907612801,-0.43574218172580004
131,16,-6.937499910593033,-0.43359374441206455
132,16,-6.903124913573265,-0.43144530709832907
133,16,-6.868749916553497,-0.4292968697845936
134,16,-6.8343749195337296,-0.4271484324708581
135,16,-6.820833260814349,-0.4263020788008968
136,16,-6.791666602094969,-0.42447916263093555
137,16,-6.7624999433755875,-0.4226562464609742
138,16,-6.733333284656207,-0.42083333029101294
139,16,-6.704166625936827,-0.41901041412105167
140,16,-6.674999967217445,-0.41718749795109034
141,16,-6.645833308498065,-0.41536458178112906
142,16,-6.616666649778685,-0.4135416656111678
143,16,-6.587499991059303,-0.41171874944120646
144,16,-6.558333332339923,-0.4098958332712452
145,16,-6.58020834128062,-0.4112630213300387
146,16,-6.652083347241084,-0.41575520920256775
147,16,-6.7239583532015486,-0.4202473970750968
148,16,-6.795833359162013,-0.4247395849476258
149,16,-6.8677083651224775,-0.42923177282015484
150,16,-6.882291699449222,-0.43014323121557635
151,16,-6.876041695475578,-0.42975260596722364
152,16,-6.869791691501936,-0.429361980718871
153,16,-6.863541687528293,-0.4289713554705183
154,16,-6.857291683554649,-0.4285807302221656
155,16,-6.851041679581007,-0.42819010497381294
156,16,-6.844791675607364,-0.42779947972546023
157,16,-6.83854167163372,-0.4274088544771075
158,16,-6.832291667660078,-0.4270182292287549
159,16,-6.826041663686435,-0.42662760398040217
160,16,-6.78645832836628,-0.4241536455228925
161,16,-6.695833325386047,-0.41848958283662796
162,16,-6.605208322405815,-0.41282552015036345
163,16,-6.514583319425583,-0.40716145746409893
164,16,-6.423958316445351,-0.4014973947778344
165,16,-6.299999982118607,-0.3937499988824129
166,16,-6.233333319425583,-0.38958333246409893
167,16,-6.166666656732559,-0.38541666604578495
168,16,-6.0999999940395355,-0.38124999962747097
169,16,-6.033333331346512,-0.377083333209157
170,16,-5.966666668653488,-0.372916666790843
171,16,-5.9000000059604645,-0.36875000037252903
172,16,-5.833333343267441,-0.36458333395421505
173,16,-5.766666680574417,-0.36041666753590107
174,16,-5.700000017881393,-0.3562500011175871
175,16,-5.576041683554649,-0.3485026052221656
176,16,-5.485416680574417,-0.34283854253590107
177,16,-5.394791677594185,-0.33717447984963655
178,16,-5.304166674613953,-0.33151041716337204
179,16,-5.21354167163372,-0.3258463544771075
180,16,-5.188541665673256,-0.3242838541045785
181,16,-5.196874991059303,-0.32480468694120646
182,16,-5.205208316445351,-0.3253255197778344
183,16,-5.213541641831398,-0.3258463526144624
184,16,-5.221874967217445,-0.32636718545109034
185,16,-5.230208292603493,-0.3268880182877183
186,16,-5.23854161798954,-0.32740885112434626
187,16,-5.2468749433755875,-0.3279296839609742
188,16,-5.255208268761635,-0.3284505167976022
189,16,-5.263541594147682,-0.32897134963423014
190,16,-5.299999922513962,-0.3312499951571226
191,16,-5.393749922513962,-0.3371093701571226
192,16,-5.487499922513962,-0.3429687451571226
193,16,-5.581249922513962,-0.3488281201571226
194,16,-5.674999922513962,-0.3546874951571226
195,16,-5.796874925494194,-0.3623046828433871
196,16,-5.8531249314546585,-0.36582030821591616
197,16,-5.909374937415123,-0.3693359335884452
198,16,-5.9656249433755875,-0.3728515589609742
199,16,-6.021874949336052,-0.37636718433350325
200,16,-6.078124955296516,-0.3798828097060323
201,16,-6.134374961256981,-0.3833984350785613
202,16,-6.190624967217445,-0.38691406045109034
203,16,-6.24687497317791,-0.39042968582361937
204,16,-6.303124979138374,-0.3939453111961484
205,16,-6.424999982118607,-0.4015624988824129
206,16,-6.518749982118607,-0.4074218738824129
207,16,-6.612499982118607,-0.4132812488824129
208,16,-6.706249982118607,-0.4191406238824129
209,16,-6.799999982118607,-0.4249999988824129
210,16,-6.840624983112018,-0.4275390614445011
211,16,-6.853124981125196,-0.4283203113203248
212,16,-6.865624979138374,-0.4291015611961484
213,16,-6.878124977151553,-0.42988281107197207
214,16,-6.890624975164732,-0.43066406094779575
215,16,-6.90312497317791,-0.43144531082361937
216,16,-6.915624971191089,-0.43222656069944304
217,16,-6.9281249692042675,-0.4330078105752667
218,16,-6.940624967217445,-0.43378906045109034
219,16,-6.953124965230624,-0.434570310326914
220,16,-6.934374968210856,-0.4333984355131785
221,16,-6.849999974171321,-0.42812499838570756
222,16,-6.765624980131785,-0.4228515612582366
223,16,-6.68124998609225,-0.4175781241307656
224,16,-6.596874992052714,-0.41230468700329465
225,16,-6.539583330353102,-0.40872395814706886
226,16,-6.535416667660078,-0.4084635417287549
227,16,-6.531250004967054,-0.4082031253104409
228,16,-6.527083342274031,-0.4079427088921269
229,16,-6.522916679581007,-0.40768229247381294
230,16,-6.518750016887983,-0.40742187605549895
231,16,-6.51458335419496,-0.407161459637185
232,16,-6.510416691501936,-0.406901043218871
233,16,-6.506250028808912,-0.406640626800557
234,16,-6.5020833661158886,-0.40638021038224303
235,16,-6.47395836810271,-0.40462239800641936
236,16,-6.4770833651224775,-0.40481771032015484
237,16,-6.480208362142245,-0.40501302263389033
238,16,-6.483333359162013,-0.4052083349476258
239,16,-6.486458356181781,-0.4054036472613613
240,16,-6.4739583532015486,-0.4046223970750968
241,16,-6.434375017881393,-0.4021484386175871
242,16,-6.394791682561239,-0.39967448016007745
243,16,-6.355208347241084,-0.39720052170256775
244,16,-6.315625011920929,-0.39472656324505806
245,16,-6.276041676600775,-0.3922526047875484
246,16,-6.23645834128062,-0.3897786463300387
247,16,-6.1968750059604645,-0.38730468787252903
248,16,-6.15729167064031,-0.3848307294150194
249,16,-6.117708335320155,-0.3823567709575097
250,16,-6.109375,-0.3818359375
251,16,-6.125,-0.3828125
252,16,-6.140625,-0.3837890625
253,16,-6.15625,-0.384765625
254,16,-6.171875,-0.3857421875
255,16,-6.233333329359691,-0.38958333308498067
256,16,-6.310416658719381,-0.39440104116996133
257,16,-6.387499988079071,-0.39921874925494194
258,16,-6.464583317438762,-0.4040364573399226
259,16,-6.541666646798452,-0.40885416542490327
260,16,-6.618749976158142,-0.4136718735098839
261,16,-6.695833305517833,-0.41848958159486455
262,16,-6.772916634877523,-0.4233072896798452
263,16,-6.849999964237213,-0.4281249977648258
264,16,-6.927083293596904,-0.4329427058498065
265,16,-6.995833287636439,-0.43723958047727746
266,16,-7.033333281675975,-0.4395833301047484
267,16,-7.07083327571551,-0.4419270797322194
268,16,-7.108333269755046,-0.44427082935969037
269,16,-7.145833263794581,-0.44661457898716134
270,16,-7.108333259820938,-0.44427082873880863
271,16,-7.024999926487605,-0.4390624954054753
272,16,-6.941666593154272,-0.433854162072142
273,16,-6.858333259820938,-0.42864582873880863
274,16,-6.774999926487604,-0.42343749540547526
275,16,-6.691666593154272,-0.418229162072142
276,16,-6.608333259820938,-0.41302082873880863
277,16,-6.524999926487604,-0.40781249540547526
278,16,-6.441666593154271,-0.40260416207214195
279,16,-6.358333259820938,-0.39739582873880863
280,16,-6.287499924500783,-0.39296874528129894
281,16,-6.224999924500783,-0.38906249528129894
282,16,-6.162499924500783,-0.38515624528129894
283,16,-6.099999924500783,-0.38124999528129894
284,16,-6.037499924500783,-0.37734374528129894
0,17,-13.352941176470589,-0.7854671280276817
1,17,-13.529411764705882,-0.7958477508650519
2,17,-13.705882352941176,-0.8062283737024221
3,17,-13.882352941176471,-0.8166089965397925
4,17,-14.058823529411764,-0.8269896193771626
5,17,-14.235294117647058,-0.8373702422145328
6,17,-14.411764705882353,-0.8477508650519031
7,17,-14.588235294117647,-0.8581314878892733
8,17,-14.764705882352942,-0.8685121107266437
9,17,-14.941176470588236,-0.8788927335640139
10,17,-15.117647058823529,-0.889273356401384
11,17,-15.294117647058824,-0.8996539792387543
12,17,-15.470588235294118,-0.9100346020761245
13,17,-15.647058823529411,-0.9204152249134948
14,17,-15.747058831009209,-0.9262975782946593
15,17,-15.84705883848901,-0.9321799316758241
16,17,-15.770588257733513,-0.9276816622196185
17,17,-15.694117676978017,-0.9231833927634128
18,17,-15.617647096222523,-0.9186851233072072
19,17,-15.541176515467027,-0.9141868538510016
20,17,-15.46470593471153,-0.9096885843947958
21,17,-15.388235353956036,-0.9051903149385904
22,17,-15.31176477320054,-0.9006920454823847
23,17,-15.235294192445043,-0.896193776026179
24,17,-15.20882361542945,-0.8946366832605559
25,17,-15.182353038413854,-0.8930795904949326
26,17,-15.155882461398258,-0.8915224977293094
27,17,-15.129411884382662,-0.889965404963686
28,17,-15.102941307367065,-0.8884083121980626
29,17,-14.955882483837652,-0.8797577931669207
30,17,-14.80882366030824,-0.8711072741357788
31,17,-14.738235417534323,-0.8669550245608425
32,17,-14.667647174760408,-0.8628027749859063
33,17,-14.597058931986492,-0.8586505254109701
34,17,-14.526470689212575,-0.8544982758360338
35,17,-14.45588244643866,-0.8503460262610976
36,17,-14.385294203664742,-0.8461937766861612
37,17,-14.314705960890826,-0.842041527111225
38,17,-14.244117718116911,-0.8378892775362888
39,17,-14.01176476946064,-0.8242214570270965
40,17,-13.779411820804372,-0.8105536365179042
41,17,-13.497058868408203,-0.7939446393181296
42,17,-13.214705916012035,-0.7773356421183549
43,17,-12.932352963615866,-0.7607266449185803
44,17,-12.594117660148472,-0.740830450596969
45,17,-12.255882356681077,-0.7209342562753575
46,17,-12.038235299727498,-0.7081314882192646
47,17,-11.820588242773917,-0.6953287201631716
48,17,-11.602941185820338,-0.6825259521070787
49,17,-11.385294128866759,-0.6697231840509859
50,17,-11.167647071913178,-0.6569204159948928
51,17,-10.950000014959599,-0.6441176479388
52,17,-10.732352958006018,-0.631314879882707
53,17,-10.514705901052437,-0.6185121118266139
54,17,-10.229411774990606,-0.6017301044112121
55,17,-9.944117648928774,-0.5849480969958103
56,17,-9.820588228749294,-0.5776816605146644
57,17,-9.697058808569816,-0.5704152240335185
58,17,-9.573529388390336,-0.5631487875523726
59,17,-9.51372545373206,-0.5596309090430625
60,17,-9.453921519073786,-0.5561130305337522
61,17,-9.449999935486737,-0.5558823491462787
62,17,-9.44607835189969,-0.5556516677588053
63,17,-9.442156768312643,-0.555420986371332
64,17,-9.438235184725594,-0.5551903049838585
65,17,-9.434313601138546,-0.5549596235963851
66,17,-9.430392017551497,-0.5547289422089117
67,17,-9.426470433964449,-0.5544982608214382
68,17,-9.422548850377401,-0.5542675794339648
69,17,-9.428431193033855,-0.5546135995902268
70,17,-9.434313535690308,-0.5549596197464887
71,17,-9.507842947455014,-0.5592848792620596
72,17,-9.581372359219719,-0.5636101387776306
73,17,-9.654901770984425,-0.5679353982932015
74,17,-9.773529221029843,-0.5749134835899907
75,17,-9.89215667107526,-0.58189156888678
76,17,-9.947058635599474,-0.5851210962117337
77,17,-10.001960600123686,-0.5883506235366874
78,17,-10.056862564647899,-0.5915801508616411
79,17,-10.111764529172111,-0.5948096781865948
80,17,-10.166666493696326,-0.5980392055115485
81,17,-10.221568458220538,-0.6012687328365023
82,17,-10.276470422744751,-0.6044982601614559
83,17,-10.331372387268964,-0.6077277874864097
84,17,-10.467646893332986,-0.6157439349019403
85,17,-10.60392139939701,-0.6237600823174712
86,17,-10.73039197921753,-0.6311995281892664
87,17,-10.85686255903805,-0.6386389740610617
88,17,-10.98333313885857,-0.6460784199328571
89,17,-11.044117446039238,-0.6496539674140728
90,17,-11.104901753219902,-0.6532295148952884
91,17,-11.120588022119858,-0.6541522365952858
92,17,-11.136274291019813,-0.6550749582952831
93,17,-11.151960559919768,-0.6559976799952805
94,17,-11.167646828819722,-0.6569204016952778
95,17,-11.183333097719679,-0.6578431233952752
96,17,-11.199019366619632,-0.6587658450952725
97,17,-11.214705635519588,-0.6596885667952699
98,17,-11.230391904419543,-0.6606112884952672
99,17,-11.217646804510379,-0.6598615767359046
100,17,-11.204901704601212,-0.659111864976542
101,17,-11.110784063152238,-0.6535755331266022
102,17,-11.016666421703263,-0.6480392012766626
103,17,-10.922548780254289,-0.6425028694267229
104,17,-10.721568397447173,-0.6306804939674808
105,17,-10.52058801464006,-0.6188581185082388
106,17,-10.3852939044728,-0.6108996414395764
107,17,-10.249999794305538,-0.6029411643709139
108,17,-10.11470568413828,-0.5949826873022517
109,17,-9.979411573971019,-0.5870242102335893
110,17,-9.844117463803757,-0.5790657331649269
111,17,-9.708823353636499,-0.5711072560962647
112,17,-9.573529243469238,-0.5631487790276023
113,17,-9.438235133301976,-0.5551903019589398
114,17,-9.198039064220353,-0.5410611214247266
115,17,-8.95784299513873,-0.5269319408905135
116,17,-8.746078294866225,-0.5144751938156603
117,17,-8.534313594593721,-0.5020184467408071
118,17,-8.322548894321217,-0.489561699665954
119,17,-8.125490076401654,-0.47797000449421495
120,17,-7.9284312584820915,-0.466378309322476
121,17,-7.838235181920669,-0.46107265776003936
122,17,-7.748039105359246,-0.4557670061976027
123,17,-7.6578430287978225,-0.450461354635166
124,17,-7.5676469522364,-0.4451557030727294
125,17,-7.477450875674977,-0.43985005151029277
126,17,-7.387254799113554,-0.43454439994785615
127,17,-7.297058722552131,-0.4292387483854195
128,17,-7.206862645990708,-0.42393309682298286
129,17,-7.069607748704798,-0.41585927933557637
130,17,-6.932352851418888,-0.4077854618481699
131,17,-6.899999913047342,-0.4058823478263142
132,17,-6.867646974675796,-0.40397923380445855
133,17,-6.83529403630425,-0.40207611978260294
134,17,-6.822548945744833,-0.4013264085732255
135,17,-6.809803855185415,-0.400576697363848
136,17,-6.782352882273058,-0.39896193425135634
137,17,-6.754901909360699,-0.39734717113886464
138,17,-6.727450936448341,-0.395732408026373
139,17,-6.699999963535983,-0.39411764491388135
140,17,-6.672548990623624,-0.39250288180138965
141,17,-6.645098017711266,-0.390888118688898
142,17,-6.6176470447989075,-0.3892733555764063
143,17,-6.590196071886549,-0.38765859246391465
144,17,-6.61078431559544,-0.3888696656232612
145,17,-6.631372559304332,-0.39008073878260774
146,17,-6.699019623737709,-0.3940599778669241
147,17,-6.766666688171088,-0.39803921695124045
148,17,-6.834313752604466,-0.4020184560355568
149,17,-6.84803924373552,-0.40282583786679527
150,17,-6.861764734866573,-0.4036332196980337
151,17,-6.8558823781854965,-0.4032871987167939
152,17,-6.850000021504421,-0.40294117773555416
153,17,-6.8441176648233455,-0.40259515675431445
154,17,-6.838235308142269,-0.40224913577307464
155,17,-6.8323529514611945,-0.401903114791835
156,17,-6.826470594780118,-0.4015570938105952
157,17,-6.820588238099042,-0.4012110728293554
158,17,-6.814705881417967,-0.4008650518481157
159,17,-6.7774509775872325,-0.39867358691689603
160,17,-6.740196073756499,-0.3964821219856764
161,17,-6.654901953304515,-0.3914648207826185
162,17,-6.569607832852532,-0.3864475195795607
163,17,-6.4843137124005485,-0.38143021837650287
164,17,-6.3676470447989075,-0.3745674732234652
165,17,-6.250980377197266,-0.36770472807042737
166,17,-6.188235282897949,-0.3640138401704676
167,17,-6.125490188598633,-0.3603229522705078
168,17,-6.062745094299316,-0.356632064370548
169,17,-6.0,-0.35294117647058826
170,17,-5.937254905700684,-0.34925028857062845
171,17,-5.874509811401367,-0.34555940067066865
172,17,-5.811764717102051,-0.34186851277070884
173,17,-5.749019622802734,-0.3381776248707491
174,17,-5.6323529552010925,-0.33131487971771134
175,17,-5.5156862875994515,-0.3244521345646736
176,17,-5.430392167147468,-0.31943483336161577
177,17,-5.345098046695485,-0.31441753215855794
178,17,-5.259803926243501,-0.30940023095550007
179,17,-5.236274508868947,-0.3080161475805263
180,17,-5.212745091494392,-0.30663206420555245
181,17,-5.220588221269495,-0.30709342478055857
182,17,-5.228431351044598,-0.30755478535556463
183,17,-5.236274480819702,-0.3080161459305707
184,17,-5.244117610594806,-0.3084775065055768
185,17,-5.251960740369909,-0.3089388670805829
186,17,-5.259803870145013,-0.309400227655589
187,17,-5.267646999920116,-0.30986158823059506
188,17,-5.2754901296952195,-0.31032294880560113
189,17,-5.309803850510541,-0.31234140297120827
190,17,-5.344117571325863,-0.31435985713681547
191,17,-5.4323528654435105,-0.3195501685555006
192,17,-5.520588159561157,-0.3247404799741857
193,17,-5.608823453678804,-0.32993079139287085
194,17,-5.72352933883667,-0.33667819640215707
195,17,-5.838235223994536,-0.3434256014114433
196,17,-5.8911764060749725,-0.34653978859264545
197,17,-5.94411758815541,-0.34965397577384766
198,17,-5.997058770235847,-0.3527681629550498
199,17,-6.049999952316284,-0.355882350136252
200,17,-6.102941134396722,-0.35899653731745423
201,17,-6.155882316477158,-0.3621107244986564
202,17,-6.208823498557596,-0.3652249116798586
203,17,-6.2617646806380325,-0.36833909886106075
204,17,-6.376470565795898,-0.375086503870347
205,17,-6.491176450953764,-0.3818339088796332
206,17,-6.579411745071411,-0.3870242202983183
207,17,-6.667647039189058,-0.3922145317170034
208,17,-6.7558823333067055,-0.3974048431356886
209,17,-6.794117628359327,-0.39965397813878395
210,17,-6.83235292341195,-0.4019031131418794
211,17,-6.844117627424353,-0.4025951545543737
212,17,-6.855882331436756,-0.40328719596686796
213,17,-6.86764703544916,-0.40397923737936237
214,17,-6.879411739461563,-0.40467127879185666
215,17,-6.891176443473966,-0.40536332020435095
216,17,-6.902941147486369,-0.40605536161684525
217,17,-6.914705851498773,-0.4067474030293396
218,17,-6.926470555511176,-0.4074394444418339
219,17,-6.908823499492571,-0.4064013823230924
220,17,-6.891176443473966,-0.40536332020435095
221,17,-6.811764684377932,-0.4006920402575254
222,17,-6.732352925281899,-0.39602076031069994
223,17,-6.652941166185865,-0.3913494803638744
224,17,-6.599019602233289,-0.38817762366078173
225,17,-6.545098038280712,-0.38500576695768896
226,17,-6.54117647339316,-0.3847750866701859
227,17,-6.537254908505609,-0.3845444063826829
228,17,-6.533333343618057,-0.38431372609517983
229,17,-6.5294117787305055,-0.38408304580767677
230,17,-6.525490213842954,-0.38385236552017377
231,17,-6.521568648955402,-0.3836216852326707
232,17,-6.517647084067851,-0.3833910049451677
233,17,-6.513725519180299,-0.38316032465766464
234,17,-6.487254932814954,-0.38160323134205615
235,17,-6.460784346449609,-0.3800461380264476
236,17,-6.463725520115273,-0.38021914824207487
237,17,-6.466666693780937,-0.38039215845770213
238,17,-6.469607867446601,-0.38056516867332946
239,17,-6.4578431587593235,-0.3798731269858426
240,17,-6.446078450072045,-0.3791810852983556
241,17,-6.408823546241312,-0.37698962036713596
242,17,-6.371568642410578,-0.3747981554359163
243,17,-6.334313738579844,-0.37260669050469675
244,17,-6.29705883474911,-0.37041522557347706
245,17,-6.259803930918376,-0.3682237606422574
246,17,-6.222549027087642,-0.3660322957110378
247,17,-6.185294123256908,-0.3638408307798181
248,17,-6.148039219426174,-0.36164936584859847
249,17,-6.1401960803013225,-0.3611880047236072
250,17,-6.132352941176471,-0.36072664359861595
251,17,-6.147058823529412,-0.36159169550173015
252,17,-6.161764705882353,-0.3624567474048443
253,17,-6.176470588235294,-0.3633217993079585
254,17,-6.234313721750297,-0.36672433657354686
255,17,-6.2921568552653,-0.3701268738391353
256,17,-6.3647058711332445,-0.3743944630078379
257,17,-6.437254887001187,-0.3786620521765404
258,17,-6.509803902869131,-0.382929641345243
259,17,-6.582352918737076,-0.38719723051394567
260,17,-6.654901934605019,-0.3914648196826482
261,17,-6.727450950472964,-0.3957324088513508
262,17,-6.799999966340907,-0.39999999802005337
263,17,-6.87254898220885,-0.4042675871887559
264,17,-6.937254858951943,-0.4080738152324672
265,17,-7.001960735695035,-0.41188004327617855
266,17,-7.037254847732245,-0.4139561675136615
267,17,-7.072548959769455,-0.4160322917511444
268,17,-7.1078430718066645,-0.4181084159886273
269,17,-7.072548950419707,-0.4160322912011592
270,17,-7.037254829032748,-0.41395616641369104
271,17,-6.958823456483729,-0.40934255626374877
272,17,-6.8803920839347095,-0.40472894611380644
273,17,-6.801960711385689,-0.40011533596386406
274,17,-6.723529338836669,-0.39550172581392173
275,17,-6.645097966287651,-0.39088811566397946
276,17,-6.56666659373863,-0.3862745055140371
277,17,-6.48823522118961,-0.3816608953640947
278,17,-6.409803848640591,-0.37704728521415243
279,17,-6.343137180103975,-0.3731257164767044
280,17,-6.276470511567359,-0.3692041477392564
281,17,-6.2176469821555935,-0.3657439401267996
282,17,-6.158823452743829,-0.36228373251434287
283,17,-6.0999999233320645,-0.3588235249018861
0,18,-13.5,-0.75
1,18,-13.666666666666666,-0.7592592592592592
2,18,-13.833333333333334,-0.7685185185185186
3,18,-14.0,-0.7777777777777778
4,18,-14.166666666666666,-0.787037037037037
5,18,-14.333333333333334,-0.7962962962962963
6,18,-14.5,-0.8055555555555556
7,18,-14.666666666666666,-0.8148148148148148
8,18,-14.833333333333334,-0.8240740740740741
9,18,-15.0,-0.8333333333333334
10,18,-15.166666666666666,-0.8425925925925926
11,18,-15.333333333333334,-0.8518518518518519
12,18,-15.5,-0.8611111111111112
13,18,-15.594444451508698,-0.8663580250838165
14,18,-15.688888903017395,-0.8716049390565219
15,18,-15.783333354526096,-0.8768518530292275
16,18,-15.711111139368127,-0.8728395077426737
17,18,-15.638888924210157,-0.8688271624561198
18,18,-15.566666709052193,-0.8648148171695662
19,18,-15.494444493894223,-0.8608024718830124
20,18,-15.422222278736253,-0.8567901265964585
21,18,-15.350000063578287,-0.8527777813099049
22,18,-15.27777784842032,-0.8487654360233511
23,18,-15.2527778590167,-0.84737654772315
24,18,-15.227777869613085,-0.8459876594229492
25,18,-15.202777880209466,-0.8445987711227481
26,18,-15.177777890805848,-0.843209882822547
27,18,-15.152777901402228,-0.841820994522346
28,18,-15.013889012513339,-0.83410494513963
29,18,-14.875000123624451,-0.826388895756914
30,18,-14.736111234735562,-0.8186728463741979
31,18,-14.669444561004639,-0.8149691422780355
32,18,-14.602777887273719,-0.8112654381818732
33,18,-14.5361112135428,-0.8075617340857111
34,18,-14.469444539811876,-0.8038580299895487
35,18,-14.402777866080957,-0.8001543258933865
36,18,-14.336111192350037,-0.7964506217972243
37,18,-14.269444518619114,-0.7927469177010619
38,18,-14.050000067110416,-0.780555559283912
39,18,-13.830555615601718,-0.768364200866762
40,18,-13.611111164093018,-0.7561728424496121
41,18,-13.34444448682997,-0.7413580270461094
42,18,-13.077777809566921,-0.7265432116426067
43,18,-12.75833335629216,-0.7087962975717867
44,18,-12.438888903017398,-0.6910493835009666
45,18,-12.119444449742637,-0.6733024694301465
46,18,-11.913888895953145,-0.6618827164418414
47,18,-11.708333342163652,-0.6504629634535362
48,18,-11.50277778837416,-0.6390432104652312
49,18,-11.29722223458467,-0.627623457476926
50,18,-11.091666680795177,-0.6162037044886209
51,18,-10.886111127005684,-0.6047839515003157
52,18,-10.680555573216193,-0.5933641985120107
53,18,-10.411111120824462,-0.5783950622680256
54,18,-10.14166666843273,-0.5634259260240406
55,18,-9.872222216041001,-0.5484567897800556
56,18,-9.755555541427048,-0.5419753078570583
57,18,-9.638888866813096,-0.5354938259340609
58,18,-9.582407372969168,-0.5323559651649538
59,18,-9.525925879125243,-0.5292181043958468
60,18,-9.469444385281315,-0.5260802436267398
61,18,-9.465740667449104,-0.5258744815249502
62,18,-9.462036949616893,-0.5256687194231607
63,18,-9.45833323178468,-0.5254629573213712
64,18,-9.454629513952467,-0.5252571952195815
65,18,-9.450925796120256,-0.525051433117792
66,18,-9.447222078288043,-0.5248456710160023
67,18,-9.443518360455831,-0.5246399089142129
68,18,-9.449073906298038,-0.524948550349891
69,18,-9.454629452140244,-0.5252571917855691
70,18,-9.460184997982449,-0.5255658332212472
71,18,-9.529629442426893,-0.5294238579126052
72,18,-9.599073886871338,-0.5332818826039633
73,18,-9.711110923025343,-0.5395061623902968
74,18,-9.823147959179348,-0.5457304421766305
75,18,-9.935184995333353,-0.551954721962964
76,18,-9.987036850717333,-0.5548353805954074
77,18,-10.03888870610131,-0.5577160392278506
78,18,-10.09074056148529,-0.5605966978602939
79,18,-10.14259241686927,-0.5634773564927372
80,18,-10.194444272253248,-0.5663580151251805
81,18,-10.246296127637228,-0.5692386737576238
82,18,-10.298147983021206,-0.572119332390067
83,18,-10.426851683192783,-0.5792695379551547
84,18,-10.555555383364359,-0.5864197435202422
85,18,-10.684259083535936,-0.5935699490853298
86,18,-10.803703520033094,-0.6002057511129497
87,18,-10.923147956530253,-0.6068415531405695
88,18,-10.980555357756437,-0.6100308532086909
89,18,-11.037962758982623,-0.6132201532768123
90,18,-11.095370160208807,-0.6164094533449337
91,18,-11.110184969725431,-0.6172324983180795
92,18,-11.124999779242055,-0.6180555432912253
93,18,-11.139814588758679,-0.618878588264371
94,18,-11.154629398275302,-0.6197016332375168
95,18,-11.169444207791928,-0.6205246782106627
96,18,-11.184259017308552,-0.6213477231838085
97,18,-11.199073826825176,-0.6221707681569542
98,18,-11.187036788022077,-0.6215020437790043
99,18,-11.174999749218976,-0.6208333194010542
100,18,-11.162962710415876,-0.6201645950231042
101,18,-11.074073826825177,-0.6152263237125098
102,18,-10.98518494323448,-0.6102880524019155
103,18,-10.795370137249982,-0.5997427854027768
104,18,-10.605555331265485,-0.5891975184036381
105,18,-10.415740525280988,-0.5786522514044994
106,18,-10.287962754567465,-0.5715534863648591
107,18,-10.16018498385394,-0.5644547213252189
108,18,-10.032407213140417,-0.5573559562855787
109,18,-9.904629442426893,-0.5502571912459385
110,18,-9.776851671713368,-0.5431584262062983
111,18,-9.649073900999845,-0.536059661166658
112,18,-9.521296130286323,-0.528960896127018
113,18,-9.294444287264788,-0.5163580159591549
114,18,-9.067592444243253,-0.5037551357912918
115,18,-8.84074060122172,-0.4911522556234289
116,18,-8.64074060651991,-0.4800411448066617
117,18,-8.440740611818102,-0.4689300339898945
118,18,-8.25462950600518,-0.4585905281113989
119,18,-8.06851840019226,-0.44825102223290336
120,18,-7.88240729437934,-0.4379115163544078
121,18,-7.7972221109602184,-0.4331790061644566
122,18,-7.712036927541097,-0.42844649597450535
123,18,-7.626851744121975,-0.42371398578455416
124,18,-7.541666560702854,-0.418981475594603
125,18,-7.456481377283732,-0.4142489654046518
126,18,-7.371296193864611,-0.4095164552147006
127,18,-7.286111010445489,-0.4047839450247494
128,18,-7.156481385231018,-0.397582299179501
129,18,-7.026851760016547,-0.39038065333425265
130,18,-6.897222134802076,-0.38317900748900424
131,18,-6.8666665818956165,-0.3814814767719787
132,18,-6.836111028989156,-0.3797839460549531
133,18,-6.824073999016374,-0.3791152221675763
134,18,-6.812036969043591,-0.3784464982801995
135,18,-6.799999939070808,-0.3777777743928227
136,18,-6.774074020209137,-0.3763374455671743
137,18,-6.748148101347464,-0.3748971167415258
138,18,-6.722222182485793,-0.3734567879158774
139,18,-6.696296263624122,-0.372016459090229
140,18,-6.67037034476245,-0.3705761302645805
141,18,-6.644444425900778,-0.3691358014389321
142,18,-6.618518507039107,-0.3676954726132837
143,18,-6.637962959430836,-0.36877571996837977
144,18,-6.657407411822566,-0.3698559673234759
145,18,-6.676851864214297,-0.370936214678572
146,18,-6.740740758401376,-0.37448559768896533
147,18,-6.804629652588456,-0.3780349806993587
148,18,-6.8175926164344505,-0.37875514535746946
149,18,-6.830555580280445,-0.3794753100155803
150,18,-6.84351854412644,-0.38019547467369114
151,18,-6.837962985038757,-0.37988683250215316
152,18,-6.832407425951075,-0.3795781903306153
153,18,-6.826851866863392,-0.3792695481590773
154,18,-6.821296307775709,-0.3789609059875394
155,18,-6.815740748688027,-0.3786522638160015
156,18,-6.810185189600344,-0.37834362164446356
157,18,-6.804629630512661,-0.37803497947292564
158,18,-6.769444443561413,-0.37608024686452296
159,18,-6.734259256610164,-0.37412551425612023
160,18,-6.6990740696589155,-0.37217078164771755
161,18,-6.618518511454265,-0.36769547285857024
162,18,-6.537962953249614,-0.363220164069423
163,18,-6.4277777671813965,-0.3570987648434109
164,18,-6.317592581113179,-0.35097736561739884
165,18,-6.207407395044963,-0.3448559663913868
166,18,-6.14814813931783,-0.3415637855176572
167,18,-6.088888883590698,-0.3382716046439277
168,18,-6.029629627863566,-0.3349794237701981
169,18,-5.970370372136434,-0.33168724289646856
170,18,-5.911111116409302,-0.328395062022739
171,18,-5.85185186068217,-0.3251028811490094
172,18,-5.792592604955037,-0.32181070027527986
173,18,-5.682407418886821,-0.31568930104926785
174,18,-5.5722222328186035,-0.3095679018232558
175,18,-5.462037046750386,-0.3034465025972437
176,18,-5.381481488545735,-0.2989711938080964
177,18,-5.3009259303410845,-0.29449588501894913
178,18,-5.278703702820672,-0.29326131682337064
179,18,-5.256481475300259,-0.29202674862779215
180,18,-5.234259247779846,-0.29079218043221366
181,18,-5.241666648122999,-0.29120370267349993
182,18,-5.249074048466152,-0.29161522491478625
183,18,-5.256481448809306,-0.2920267471560726
184,18,-5.263888849152459,-0.29243826939735884
185,18,-5.271296249495612,-0.2928497916386451
186,18,-5.278703649838765,-0.2932613138799314
187,18,-5.286111050181919,-0.29367283612121775
188,18,-5.318518453174168,-0.29547324739856484
189,18,-5.350925856166416,-0.297273658675912
190,18,-5.383333259158665,-0.29907406995325914
191,18,-5.466666592491998,-0.3037036995828888
192,18,-5.549999925825331,-0.3083333292125184
193,18,-5.658333261807759,-0.31435184787820886
194,18,-5.766666597790188,-0.32037036654389933
195,18,-5.874999933772617,-0.32638888520958986
196,18,-5.9249999390708075,-0.3291666632817115
197,18,-5.9749999443689985,-0.3319444413538333
198,18,-6.024999949667189,-0.3347222194259549
199,18,-6.07499995496538,-0.33749999749807663
200,18,-6.12499996026357,-0.34027777557019834
201,18,-6.174999965561761,-0.34305555364232004
202,18,-6.224999970859951,-0.34583333171444175
203,18,-6.3333333068423805,-0.3518518503801322
204,18,-6.441666642824809,-0.3578703690458227
205,18,-6.549999978807238,-0.3638888877115132
206,18,-6.633333312140571,-0.3685185173411428
207,18,-6.716666645473904,-0.3731481469707724
208,18,-6.752777757468047,-0.37515431985933595
209,18,-6.78888886946219,-0.3771604927478995
210,18,-6.824999981456333,-0.37916666563646295
211,18,-6.836111090801381,-0.37978394948896566
212,18,-6.847222200146429,-0.38040123334146825
213,18,-6.858333309491476,-0.3810185171939709
214,18,-6.869444418836524,-0.38163580104647354
215,18,-6.880555528181571,-0.38225308489897614
216,18,-6.891666637526619,-0.38287036875147884
217,18,-6.902777746871667,-0.3834876526039815
218,18,-6.886111082854095,-0.3825617268252275
219,18,-6.869444418836523,-0.38163580104647354
220,18,-6.852777754818952,-0.38070987526771954
221,18,-6.777777760117143,-0.37654320889539683
222,18,-6.702777765415333,-0.37237654252307406
223,18,-6.651851843904566,-0.3695473246613648
224,18,-6.6009259223938,-0.36671810679965555
225,18,-6.550000000883033,-0.3638888889379463
226,18,-6.5462963007114565,-0.36368312781730316
227,18,-6.54259260053988,-0.36347736669666
228,18,-6.538888900368303,-0.3632716055760168
229,18,-6.535185200196726,-0.36306584445537365
230,18,-6.53148150002515,-0.3628600833347305
231,18,-6.527777799853573,-0.3626543222140874
232,18,-6.524074099681997,-0.36244856109344425
233,18,-6.49907410144806,-0.36105967230267
234,18,-6.474074103214123,-0.35967078351189574
235,18,-6.449074104980187,-0.3582818947211215
236,18,-6.451851880108869,-0.3584362155616038
237,18,-6.454629655237551,-0.35859053640208616
238,18,-6.443518541477345,-0.35797325230429694
239,18,-6.432407427717139,-0.3573559682065077
240,18,-6.421296313956932,-0.35673868410871845
241,18,-6.386111127005683,-0.3547839515003157
242,18,-6.3509259400544344,-0.35282921889191304
243,18,-6.315740753103186,-0.3508744862835103
244,18,-6.2805555661519366,-0.3489197536751076
245,18,-6.245370379200689,-0.34696502106670496
246,18,-6.2101851922494395,-0.3450102884583022
247,18,-6.175000005298191,-0.3430555558498995
248,18,-6.16759259612472,-0.34264403311804004
249,18,-6.160185186951249,-0.3422325103861805
250,18,-6.152777777777778,-0.341820987654321
251,18,-6.166666666666667,-0.3425925925925926
252,18,-6.180555555555555,-0.34336419753086417
253,18,-6.235185181653058,-0.34639917675850324
254,18,-6.289814807750561,-0.3494341559861423
255,18,-6.344444433848064,-0.35246913521378137
256,18,-6.412962948834456,-0.356275719379692
257,18,-6.481481463820846,-0.36008230354560256
258,18,-6.5499999788072385,-0.36388888771151323
259,18,-6.61851849379363,-0.3676954718774239
260,18,-6.68703700878002,-0.37150205604333447
261,18,-6.755555523766413,-0.37530864020924515
262,18,-6.824074038752804,-0.37911522437515577
263,18,-6.885185144565724,-0.3825102858092069
264,18,-6.946296250378644,-0.38590534724325803
265,18,-7.007407356191565,-0.38930040867730914
266,18,-7.040740684226708,-0.3911522602348171
267,18,-7.07407401226185,-0.393004111792325
268,18,-7.040740675396389,-0.39115225974424384
269,18,-7.007407338530928,-0.3893004076961627
270,18,-6.974074001665468,-0.38744855564808156
271,18,-6.899999927591394,-0.383333329310633
272,18,-6.825925853517321,-0.3792181029731845
273,18,-6.751851779443246,-0.3751028766357359
274,18,-6.677777705369171,-0.3709876502982873
275,18,-6.603703631295098,-0.3668724239608388
276,18,-6.529629557221024,-0.3627571976233902
277,18,-6.455555483146949,-0.3586419712859416
278,18,-6.392592518417923,-0.3551440288009957
279,18,-6.329629553688897,-0.3516460863160498
280,18,-6.26666658895987,-0.3481481438311039
281,18,-6.211111033404315,-0.3450617240780175
282,18,-6.155555477848759,-0.34197530432493106
0,19,-13.631578947368421,-0.7174515235457064
1,19,-13.789473684210526,-0.7257617728531855
2,19,-13.947368421052632,-0.7340720221606648
3,19,-14.105263157894736,-0.7423822714681441
4,19,-14.263157894736842,-0.7506925207756233
5,19,-14.421052631578947,-0.7590027700831025
6,19,-14.578947368421053,-0.7673130193905817
7,19,-14.736842105263158,-0.775623268698061
8,19,-14.894736842105264,-0.7839335180055402
9,19,-15.052631578947368,-0.7922437673130194
10,19,-15.210526315789474,-0.8005540166204986
11,19,-15.368421052631579,-0.8088642659279778
12,19,-15.457894743534556,-0.8135734075544503
13,19,-15.547368434437532,-0.8182825491809227
14,19,-15.63684212534051,-0.8229916908073952
15,19,-15.726315816243488,-0.8277008324338678
16,19,-15.65789477030436,-0.8240997247528611
17,19,-15.58947372436523,-0.8204986170718542
18,19,-15.521052678426106,-0.8168975093908477
19,19,-15.452631632486977,-0.8132964017098409
20,19,-15.384210586547848,-0.8096952940288341
21,19,-15.315789540608723,-0.8060941863478275
22,19,-15.292105340121084,-0.804847649480057
23,19,-15.268421139633446,-0.8036011126122866
24,19,-15.24473693914581,-0.8023545757445163
25,19,-15.221052738658171,-0.8011080388767459
26,19,-15.197368538170531,-0.7998615020089753
27,19,-15.065789590802112,-0.7929362942527427
28,19,-14.93421064343369,-0.7860110864965101
29,19,-14.80263169606527,-0.7790858787402773
30,19,-14.671052748696848,-0.7721606709840446
31,19,-14.607894847267552,-0.7688365709088185
32,19,-14.54473694583826,-0.7655124708335926
33,19,-14.481579044408967,-0.7621883707583667
34,19,-14.418421142979673,-0.7588642706831407
35,19,-14.35526324155038,-0.7555401706079148
36,19,-14.292105340121088,-0.7522160705326888
37,19,-14.084210596586528,-0.7412742419256068
38,19,-13.876315853051972,-0.7303324133185248
39,19,-13.668421109517418,-0.719390584711443
40,19,-13.460526365982858,-0.708448756104361
41,19,-13.207894776996813,-0.6951523566840428
42,19,-12.90526318968388,-0.6792243784044147
43,19,-12.602631602370948,-0.6632964001247867
44,19,-12.300000015058018,-0.6473684218451589
45,19,-11.997368427745085,-0.6314404435655309
46,19,-11.802631587312936,-0.621191136174365
47,19,-11.607894746880783,-0.6109418287831991
48,19,-11.413157906448633,-0.6006925213920333
49,19,-11.218421066016484,-0.5904432140008676
50,19,-11.023684225584333,-0.5801939066097017
51,19,-10.828947385152183,-0.569944599218536
52,19,-10.573684219728438,-0.556509695775181
53,19,-10.318421054304693,-0.543074792331826
54,19,-10.063157888880948,-0.5296398888884709
55,19,-9.807894723457203,-0.516204985445116
56,19,-9.697368400138721,-0.5103878105336169
57,19,-9.643859616497107,-0.5075715587630056
58,19,-9.590350832855492,-0.5047553069923943
59,19,-9.53684204921388,-0.5019390552217832
60,19,-9.483333265572265,-0.4991228034511718
61,19,-9.479824480257536,-0.4989381305398703
62,19,-9.47631569494281,-0.498753457628569
63,19,-9.472806909628082,-0.49856878471726745
64,19,-9.469298124313354,-0.49838411180596603
65,19,-9.465789338998627,-0.4981994388946646
66,19,-9.4622805536839,-0.4980147659833632
67,19,-9.467543702376517,-0.49829177380929035
68,19,-9.472806851069134,-0.49856878163521756
69,19,-9.478069999761749,-0.49884578946114466
70,19,-9.483333148454365,-0.4991227972870719
71,19,-9.549122622138576,-0.5025854011651882
72,19,-9.655262972179212,-0.5081717353778533
73,19,-9.761403322219849,-0.5137580695905184
74,19,-9.867543672260485,-0.5193444038031835
75,19,-9.973684022301121,-0.5249307380158484
76,19,-10.022806832664891,-0.5275161490876258
77,19,-10.07192964302866,-0.5301015601594031
78,19,-10.12105245339243,-0.5326869712311805
79,19,-10.1701752637562,-0.5352723823029578
80,19,-10.219298074119969,-0.5378577933747352
81,19,-10.268420884483739,-0.5404432044465125
82,19,-10.390350705698916,-0.5468605634578377
83,19,-10.512280526914095,-0.5532779224691629
84,19,-10.634210348129272,-0.559695281480488
85,19,-10.75614016934445,-0.5661126404918132
86,19,-10.869298056552285,-0.5720683187659098
87,19,-10.92368401560867,-0.5749307376636142
88,19,-10.978069974665056,-0.5777931565613187
89,19,-11.03245593372144,-0.5806555754590231
90,19,-11.086841892777827,-0.5835179943567277
91,19,-11.100876975477785,-0.5842566829198834
92,19,-11.114912058177746,-0.5849953714830393
93,19,-11.128947140877704,-0.585734060046195
94,19,-11.142982223577665,-0.5864727486093507
95,19,-11.157017306277625,-0.5872114371725066
96,19,-11.171052388977584,-0.5879501257356623
97,19,-11.159648878532542,-0.587349940975397
98,19,-11.148245368087501,-0.5867497562151316
99,19,-11.136841857642457,-0.5861495714548661
100,19,-11.125438347197415,-0.5855493866946008
101,19,-11.041227825900965,-0.5811172539947876
102,19,-10.86140327286302,-0.5716528038348958
103,19,-10.681578719825074,-0.5621883536750039
104,19,-10.50175416678713,-0.5527239035151121
105,19,-10.321929613749186,-0.5432594533552203
106,19,-10.20087698886269,-0.5368882625717205
107,19,-10.079824363976194,-0.5305170717882207
108,19,-9.958771739089698,-0.5241458810047209
109,19,-9.837719114203201,-0.5177746902212211
110,19,-9.716666489316705,-0.5114034994377213
111,19,-9.59561386443021,-0.5050323086542216
112,19,-9.38070159209402,-0.4937211364260011
113,19,-9.16578931975783,-0.4824099641977805
114,19,-8.950877047421638,-0.4710987919695599
115,19,-8.73596477508545,-0.4597876197413394
116,19,-8.546491095894261,-0.4498153208365401
117,19,-8.370175311439915,-0.44053554270736395
118,19,-8.19385952698557,-0.4312557645781879
119,19,-8.017543742531224,-0.4219759864490118
120,19,-7.841227958076878,-0.4126962083198357
121,19,-7.760526205364027,-0.40844874765073824
122,19,-7.679824452651174,-0.40420128698164076
123,19,-7.599122699938323,-0.3999538263125433
124,19,-7.51842094722547,-0.3957063656434458
125,19,-7.437719194512618,-0.3914589049743483
126,19,-7.3570174417997665,-0.38721144430525084
127,19,-7.234210428438689,-0.3807479172862468
128,19,-7.111403415077611,-0.37428439026724264
129,19,-6.988596401716533,-0.3678208632482386
130,19,-6.865789388355456,-0.3613573362292345
131,19,-6.836842022444072,-0.3598337906549512
132,19,-6.825438520364593,-0.3592336063349786
133,19,-6.814035018285116,-0.3586334220150061
134,19,-6.802631516205637,-0.35803323769503353
135,19,-6.791228014126159,-0.357433053375061
136,19,-6.766666617309839,-0.35614034827946517
137,19,-6.742105220493517,-0.35484764318386935
138,19,-6.717543823677198,-0.35355493808827354
139,19,-6.692982426860877,-0.3522622329926777
140,19,-6.6684210300445566,-0.3509695278970819
141,19,-6.643859633228236,-0.3496768228014861
142,19,-6.662280693388823,-0.35064635228362223
143,19,-6.680701753549409,-0.35161588176575836
144,19,-6.699122813709995,-0.3525854112478945
145,19,-6.717543873870582,-0.35355494073003063
146,19,-6.778070194679395,-0.35674053656207344
147,19,-6.790350897270337,-0.3573868893300178
148,19,-6.80263159986128,-0.3580332420979621
149,19,-6.814912302452222,-0.35867959486590645
150,19,-6.827193005043164,-0.3593259476338508
151,19,-6.821929843802201,-0.35904893914748426
152,19,-6.816666682561239,-0.35877193066111784
153,19,-6.811403521320277,-0.35849492217475143
154,19,-6.806140360079314,-0.35821791368838496
155,19,-6.800877198838352,-0.35794090520201854
156,19,-6.79561403759739,-0.3576638967156521
157,19,-6.762280702590942,-0.35590951066268117
158,19,-6.728947367584497,-0.3541551246097104
159,19,-6.69561403257805,-0.3524007385567395
160,19,-6.662280697571604,-0.35064635250376863
161,19,-6.58596490558825,-0.3466297318730658
162,19,-6.481578939839413,-0.3411357336757586
163,19,-6.377192974090576,-0.3356417354784514
164,19,-6.272807008341739,-0.33014773728114416
165,19,-6.168421042592902,-0.32465373908383693
166,19,-6.112280695061934,-0.3216989839506281
167,19,-6.056140347530968,-0.3187442288174194
168,19,-6.0,-0.3157894736842105
169,19,-5.943859652469032,-0.3128347185510017
170,19,-5.887719304938066,-0.30987996341779295
171,19,-5.831578957407098,-0.3069252082845841
172,19,-5.727192991658261,-0.3014312100872769
173,19,-5.622807025909424,-0.2959372118899697
174,19,-5.518421060160587,-0.29044321369266246
175,19,-5.41403509441175,-0.28494921549535523
176,19,-5.337719302428396,-0.28093259486465244
177,19,-5.31666666583011,-0.2798245613594795
178,19,-5.295614029231825,-0.27871652785430656
179,19,-5.274561392633538,-0.2776084943491336
180,19,-5.253508756035252,-0.2765004608439606
181,19,-5.26052629320245,-0.27686980490539215
182,19,-5.2675438303696485,-0.2772391489668236
183,19,-5.274561367536846,-0.277608493028255
184,19,-5.281578904704044,-0.27797783708968654
185,19,-5.288596441871242,-0.278347181151118
186,19,-5.295613979038439,-0.2787165252125494
187,19,-5.326315729241622,-0.2803324068021906
188,19,-5.357017479444805,-0.28194828839183184
189,19,-5.387719229647987,-0.28356416998147305
190,19,-5.41842097985117,-0.2851800515711142
191,19,-5.497368348272223,-0.2893351762248539
192,19,-5.599999929729261,-0.2947368384068032
193,19,-5.702631511186299,-0.3001385005887526
194,19,-5.805263092643337,-0.30554016277070195
195,19,-5.9078946741003735,-0.3109418249526512
196,19,-5.955263100172344,-0.3134349000090707
197,19,-6.002631526244314,-0.3159279750654902
198,19,-6.049999952316284,-0.3184210501219097
199,19,-6.097368378388254,-0.3209141251783292
200,19,-6.144736804460225,-0.32340720023474867
201,19,-6.192105230532195,-0.32590027529116816
202,19,-6.294736811989232,-0.3313019374731175
203,19,-6.3973683934462695,-0.3367035996550668
204,19,-6.499999974903307,-0.3421052618370162
205,19,-6.602631556360345,-0.34750692401896555
206,19,-6.681578924781398,-0.3516620486727052
207,19,-6.715789451933744,-0.35346260273335495
208,19,-6.74999997908609,-0.3552631567940048
209,19,-6.784210506238435,-0.3570637108546545
210,19,-6.818421033390782,-0.3588642649153043
211,19,-6.8289473475071425,-0.35941828144774435
212,19,-6.8394736616235035,-0.3599722979801844
213,19,-6.849999975739865,-0.3605263145126245
214,19,-6.860526289856225,-0.3610803310450645
215,19,-6.871052603972585,-0.3616343475775045
216,19,-6.881578918088947,-0.3621883641099446
217,19,-6.865789446914406,-0.36135733931128455
218,19,-6.849999975739865,-0.3605263145126245
219,19,-6.834210504565323,-0.3596952897139644
220,19,-6.818421033390782,-0.3588642649153043
221,19,-6.747368406831174,-0.3551246529911144
222,19,-6.699122796978867,-0.3525854103673088
223,19,-6.650877187126562,-0.3500461677435032
224,19,-6.6026315772742565,-0.3475069251196977
225,19,-6.554385967421951,-0.34496768249589216
226,19,-6.550877198838353,-0.34478301046517645
227,19,-6.547368430254753,-0.3445983384344607
228,19,-6.543859661671155,-0.344413666403745
229,19,-6.540350893087556,-0.3442289943730293
230,19,-6.5368421245039565,-0.3440443223423135
231,19,-6.533333355920358,-0.34385965031159776
232,19,-6.5096491470671545,-0.3426131130035344
233,19,-6.485964938213951,-0.34136657569547113
234,19,-6.4622807293607485,-0.34012003838740784
235,19,-6.438596520507545,-0.3388735010793445
236,19,-6.4412280969452445,-0.3390120051023813
237,19,-6.430701778646101,-0.3384579883497948
238,19,-6.420175460346958,-0.3379039715972083
239,19,-6.409649142047815,-0.3373499548446219
240,19,-6.399122823748672,-0.3367959380920354
241,19,-6.365789488742226,-0.3350415520390645
242,19,-6.33245615373578,-0.3332871659860937
243,19,-6.299122818729334,-0.33153277993312286
244,19,-6.265789483722887,-0.32977839388015195
245,19,-6.232456148716442,-0.32802400782718116
246,19,-6.199122813709995,-0.32626962177421026
247,19,-6.192105268177233,-0.32590027727248594
248,19,-6.185087722644472,-0.32553093277076167
249,19,-6.178070177111709,-0.32516158826903735
250,19,-6.171052631578948,-0.324792243767313
251,19,-6.184210526315789,-0.3254847645429363
252,19,-6.235964908934476,-0.328208679417604
253,19,-6.287719291553163,-0.33093259429227173
254,19,-6.33947367417185,-0.33365650916693945
255,19,-6.391228056790537,-0.3363804240416072
256,19,-6.456140334146066,-0.3397968596918982
257,19,-6.521052611501594,-0.3432132953421892
258,19,-6.585964888857123,-0.3466297309924801
259,19,-6.650877166212652,-0.35004616664277116
260,19,-6.71578944356818,-0.35346260229306214
261,19,-6.780701720923709,-0.3568790379433531
262,19,-6.838596452746476,-0.3599261290919198
263,19,-6.896491184569243,-0.36297322024048645
264,19,-6.95438591639201,-0.36602031138905317
265,19,-7.012280648214777,-0.3690674025376198
266,19,-7.043859590563859,-0.3707294521349399
267,19,-7.0122806398492115,-0.3690674020973269
268,19,-6.980701689134565,-0.367405352059714
269,19,-6.949122738419917,-0.3657433020221009
270,19,-6.917543787705271,-0.36408125198448793
271,19,-6.84736834910878,-0.3603878078478305
272,19,-6.777192910512289,-0.3566943637111731
273,19,-6.707017471915797,-0.3530009195745156
274,19,-6.636842033319304,-0.3493074754378581
275,19,-6.566666594722815,-0.3456140313012008
276,19,-6.496491156126322,-0.34192058716454327
277,19,-6.436842031646192,-0.3387811595603259
278,19,-6.377192907166062,-0.3356417319561085
279,19,-6.317543782685933,-0.3325023043518912
280,19,-6.257894658205802,-0.3293628767476738
281,19,-6.205263079258433,-0.3265927936451807
0,20,-13.75,-0.6875
1,20,-13.9,-0.6950000000000001
2,20,-14.05,-0.7025
3,20,-14.2,-0.71
4,20,-14.35,-0.7175
5,20,-14.5,-0.725
6,20,-14.65,-0.7325
7,20,-14.8,-0.74
8,20,-14.95,-0.7474999999999999
9,20,-15.1,-0.755
10,20,-15.25,-0.7625
11,20,-15.335000006357827,-0.7667500003178913
12,20,-15.420000012715656,-0.7710000006357828
13,20,-15.505000019073483,-0.7752500009536741
14,20,-15.590000025431312,-0.7795000012715656
15,20,-15.675000031789143,-0.7837500015894572
16,20,-15.61000003814697,-0.7805000019073485
17,20,-15.545000044504798,-0.7772500022252399
18,20,-15.480000050862628,-0.7740000025431314
19,20,-15.415000057220457,-0.7707500028610228
20,20,-15.350000063578284,-0.7675000031789142
21,20,-15.32750007311503,-0.7663750036557515
22,20,-15.305000082651773,-0.7652500041325887
23,20,-15.282500092188517,-0.7641250046094259
24,20,-15.260000101725263,-0.7630000050862631
25,20,-15.237500111262005,-0.7618750055631003
26,20,-15.112500111262005,-0.7556250055631002
27,20,-14.987500111262005,-0.7493750055631002
28,20,-14.862500111262005,-0.7431250055631002
29,20,-14.737500111262005,-0.7368750055631003
30,20,-14.612500111262005,-0.7306250055631003
31,20,-14.552500104904174,-0.7276250052452087
32,20,-14.492500098546348,-0.7246250049273174
33,20,-14.43250009218852,-0.7216250046094259
34,20,-14.372500085830689,-0.7186250042915344
35,20,-14.31250007947286,-0.715625003973643
36,20,-14.115000073115032,-0.7057500036557516
37,20,-13.917500066757203,-0.6958750033378601
38,20,-13.720000060399375,-0.6860000030199688
39,20,-13.522500054041547,-0.6761250027020773
40,20,-13.325000047683716,-0.6662500023841857
41,20,-13.037500039736429,-0.6518750019868215
42,20,-12.750000031789146,-0.6375000015894573
43,20,-12.462500023841859,-0.6231250011920929
44,20,-12.175000015894573,-0.6087500007947286
45,20,-11.887500007947288,-0.5943750003973645
46,20,-11.702500009536745,-0.5851250004768372
47,20,-11.517500011126202,-0.5758750005563101
48,20,-11.33250001271566,-0.5666250006357829
49,20,-11.147500014305118,-0.5573750007152559
50,20,-10.962500015894573,-0.5481250007947287
51,20,-10.720000008742016,-0.5360000004371008
52,20,-10.477500001589458,-0.523875000079473
53,20,-10.234999994436901,-0.5117499997218451
54,20,-9.992499987284344,-0.49962499936421717
55,20,-9.749999980131786,-0.4874999990065893
56,20,-9.699166635672253,-0.48495833178361264
57,20,-9.648333291212719,-0.4824166645606359
58,20,-9.597499946753185,-0.47987499733765926
59,20,-9.546666602293651,-0.4773333301146826
60,20,-9.495833257834118,-0.4747916628917059
61,20,-9.492499911785126,-0.4746249955892563
62,20,-9.489166565736136,-0.4744583282868068
63,20,-9.485833219687144,-0.4742916609843572
64,20,-9.482499873638153,-0.47412499368190764
65,20,-9.479166527589163,-0.4739583263794581
66,20,-9.484166518847148,-0.4742083259423574
67,20,-9.489166510105132,-0.47445832550525663
68,20,-9.49416650136312,-0.47470832506815597
69,20,-9.499166492621104,-0.4749583246310552
70,20,-9.50416648387909,-0.4752083241939545
71,20,-9.604999816417694,-0.4802499908208847
72,20,-9.705833148956298,-0.4852916574478149
73,20,-9.806666481494904,-0.4903333240747452
74,20,-9.907499814033509,-0.49537499070167546
75,20,-10.008333146572113,-0.5004166573286056
76,20,-10.054999816417695,-0.5027499908208848
77,20,-10.101666486263275,-0.5050833243131637
78,20,-10.148333156108857,-0.5074166578054429
79,20,-10.194999825954437,-0.5097499912977218
80,20,-10.241666495800018,-0.512083324790001
81,20,-10.357499825954438,-0.5178749912977219
82,20,-10.473333156108856,-0.5236666578054427
83,20,-10.589166486263276,-0.5294583243131638
84,20,-10.704999816417693,-0.5352499908208846
85,20,-10.820833146572113,-0.5410416573286057
86,20,-10.872499807675679,-0.543624990383784
87,20,-10.924166468779244,-0.5462083234389622
88,20,-10.975833129882812,-0.5487916564941406
89,20,-11.027499790986377,-0.5513749895493189
90,20,-11.079166452089943,-0.5539583226044972
91,20,-11.092499780654904,-0.5546249890327453
92,20,-11.105833109219867,-0.5552916554609933
93,20,-11.119166437784829,-0.5559583218892414
94,20,-11.13249976634979,-0.5566249883174895
95,20,-11.145833094914753,-0.5572916547457376
96,20,-11.134999759991961,-0.5567499879995981
97,20,-11.124166425069172,-0.5562083212534585
98,20,-11.113333090146382,-0.5556666545073191
99,20,-11.102499755223592,-0.5551249877611796
100,20,-11.0916664203008,-0.55458332101504
101,20,-10.920833094914753,-0.5460416547457376
102,20,-10.749999769528706,-0.5374999884764353
103,20,-10.57916644414266,-0.528958322207133
104,20,-10.408333118756612,-0.5204166559378306
105,20,-10.237499793370564,-0.5118749896685282
106,20,-10.122499799728393,-0.5061249899864196
107,20,-10.007499806086221,-0.5003749903043111
108,20,-9.89249981244405,-0.49462499062220255
109,20,-9.77749981880188,-0.488874990940094
110,20,-9.662499825159708,-0.4831249912579854
111,20,-9.458333166440328,-0.4729166583220164
112,20,-9.254166507720948,-0.4627083253860474
113,20,-9.049999849001566,-0.45249999245007827
114,20,-8.845833190282185,-0.44229165951410926
115,20,-8.641666531562805,-0.43208332657814025
116,20,-8.474166536331177,-0.42370832681655884
117,20,-8.306666541099549,-0.41533332705497744
118,20,-8.13916654586792,-0.406958327293396
119,20,-7.971666550636291,-0.3985833275318146
120,20,-7.804166555404663,-0.3902083277702332
121,20,-7.727499890327453,-0.3863749945163727
122,20,-7.650833225250244,-0.3825416612625122
123,20,-7.574166560173035,-0.37870832800865173
124,20,-7.497499895095825,-0.37487499475479125
125,20,-7.420833230018616,-0.37104166150093076
126,20,-7.304166567325592,-0.3652083283662796
127,20,-7.187499904632569,-0.3593749952316284
128,20,-7.070833241939544,-0.35354166209697724
129,20,-6.954166579246521,-0.34770832896232606
130,20,-6.837499916553497,-0.3418749958276749
131,20,-6.826666589577992,-0.3413333294788996
132,20,-6.815833262602487,-0.3407916631301243
133,20,-6.8049999356269835,-0.34024999678134915
134,20,-6.794166608651478,-0.3397083304325739
135,20,-6.783333281675975,-0.33916666408379875
136,20,-6.75999995470047,-0.33799999773502354
137,20,-6.736666627724965,-0.33683333138624827
138,20,-6.713333300749461,-0.33566666503747306
139,20,-6.689999973773958,-0.3344999986886979
140,20,-6.666666646798452,-0.33333333233992263
141,20,-6.68416665395101,-0.3342083326975505
142,20,-6.701666661103568,-0.3350833330551784
143,20,-6.719166668256125,-0.33595833341280623
144,20,-6.736666675408682,-0.3368333337704341
145,20,-6.754166682561239,-0.33770833412806195
146,20,-6.765833350022635,-0.3382916675011317
147,20,-6.77750001748403,-0.3388750008742015
148,20,-6.7891666849454255,-0.3394583342472713
149,20,-6.800833352406821,-0.34004166762034105
150,20,-6.8125000198682155,-0.34062500099341075
151,20,-6.807500016689301,-0.34037500083446504
152,20,-6.802500013510387,-0.3401250006755193
153,20,-6.797500010331473,-0.33987500051657366
154,20,-6.792500007152557,-0.3396250003576279
155,20,-6.787500003973643,-0.33937500019868216
156,20,-6.75583333571752,-0.337791666785876
157,20,-6.724166667461395,-0.33620833337306977
158,20,-6.692499999205272,-0.3346249999602636
159,20,-6.660833330949148,-0.3330416665474574
160,20,-6.629166662693024,-0.3314583331346512
161,20,-6.529999995231629,-0.32649999976158145
162,20,-6.430833327770233,-0.32154166638851167
163,20,-6.331666660308838,-0.3165833330154419
164,20,-6.232499992847442,-0.3116249996423721
165,20,-6.133333325386047,-0.3066666662693024
166,20,-6.079999995231629,-0.30399999976158143
167,20,-6.02666666507721,-0.30133333325386047
168,20,-5.97333333492279,-0.2986666667461395
169,20,-5.920000004768371,-0.29600000023841855
170,20,-5.866666674613953,-0.29333333373069764
171,20,-5.767500007152558,-0.28837500035762786
172,20,-5.668333339691162,-0.2834166669845581
173,20,-5.569166672229767,-0.27845833361148836
174,20,-5.470000004768371,-0.2735000002384186
175,20,-5.370833337306976,-0.2685416668653488
176,20,-5.350833332538604,-0.26754166662693024
177,20,-5.330833327770233,-0.2665416663885117
178,20,-5.310833323001861,-0.26554166615009306
179,20,-5.29083331823349,-0.2645416659116745
180,20,-5.270833313465118,-0.26354166567325593
181,20,-5.277499973773956,-0.2638749986886978
182,20,-5.284166634082794,-0.2642083317041397
183,20,-5.290833294391632,-0.2645416647195816
184,20,-5.29749995470047,-0.2648749977350235
185,20,-5.304166615009308,-0.2652083307504654
186,20,-5.333333277702332,-0.2666666638851166
187,20,-5.362499940395355,-0.2681249970197678
188,20,-5.391666603088379,-0.26958333015441893
189,20,-5.420833265781402,-0.2710416632890701
190,20,-5.449999928474426,-0.2724999964237213
191,20,-5.547499930858612,-0.2773749965429306
192,20,-5.644999933242798,-0.2822499966621399
193,20,-5.7424999356269835,-0.2871249967813492
194,20,-5.83999993801117,-0.2919999969005585
195,20,-5.937499940395355,-0.2968749970197678
196,20,-5.982499945163727,-0.2991249972581863
197,20,-6.027499949932098,-0.3013749974966049
198,20,-6.07249995470047,-0.3036249977350235
199,20,-6.117499959468842,-0.3058749979734421
200,20,-6.162499964237213,-0.3081249982118607
201,20,-6.259999966621399,-0.31299999833106995
202,20,-6.357499969005585,-0.3178749984502792
203,20,-6.45499997138977,-0.3227499985694885
204,20,-6.552499973773957,-0.3276249986886978
205,20,-6.649999976158142,-0.3324999988079071
206,20,-6.682499976952871,-0.3341249988476435
207,20,-6.7149999777476,-0.33574999888738
208,20,-6.7474999785423275,-0.33737499892711637
209,20,-6.779999979337056,-0.3389999989668528
210,20,-6.812499980131785,-0.34062499900658927
211,20,-6.822499978542328,-0.3411249989271164
212,20,-6.83249997695287,-0.3416249988476435
213,20,-6.842499975363414,-0.3421249987681707
214,20,-6.8524999737739565,-0.34262499868869783
215,20,-6.862499972184499,-0.34312499860922496
216,20,-6.847499974568686,-0.3423749987284343
217,20,-6.832499976952872,-0.3416249988476436
218,20,-6.817499979337057,-0.34087499896685286
219,20,-6.802499981721243,-0.34012499908606214
220,20,-6.787499984105429,-0.3393749992052714
221,20,-6.741666654745738,-0.3370833327372869
222,20,-6.695833325386047,-0.33479166626930235
223,20,-6.649999996026358,-0.3324999998013179
224,20,-6.604166666666667,-0.3302083333333333
225,20,-6.558333337306978,-0.3279166668653489
226,20,-6.555000007152559,-0.32775000035762797
227,20,-6.55166667699814,-0.327583333849907
228,20,-6.548333346843721,-0.32741666734218605
229,20,-6.545000016689302,-0.3272500008344651
230,20,-6.541666686534883,-0.3270833343267442
231,20,-6.519166688124341,-0.325958334406217
232,20,-6.496666689713797,-0.32483333448568985
233,20,-6.474166691303253,-0.3237083345651627
234,20,-6.451666692892711,-0.3225833346446355
235,20,-6.429166694482168,-0.3214583347241084
236,20,-6.419166692097983,-0.32095833460489914
237,20,-6.409166689713797,-0.32045833448568983
238,20,-6.39916668732961,-0.3199583343664805
239,20,-6.389166684945424,-0.3194583342472712
240,20,-6.379166682561239,-0.31895833412806196
241,20,-6.347500014305115,-0.3173750007152557
242,20,-6.315833346048992,-0.31579166730244956
243,20,-6.284166677792867,-0.31420833388964337
244,20,-6.252500009536743,-0.31262500047683717
245,20,-6.22083334128062,-0.31104166706403097
246,20,-6.214166673024495,-0.31070833365122474
247,20,-6.207500004768372,-0.3103750002384186
248,20,-6.2008333365122486,-0.3100416668256124
249,20,-6.194166668256124,-0.30970833341280624
250,20,-6.1875,-0.309375
251,20,-6.236666663487752,-0.3118333331743876
252,20,-6.285833326975505,-0.31429166634877526
253,20,-6.334999990463258,-0.3167499995231629
254,20,-6.38416665395101,-0.3192083326975505
255,20,-6.433333317438762,-0.3216666658719381
256,20,-6.494999980926515,-0.32474999904632573
257,20,-6.556666644414267,-0.3278333322207133
258,20,-6.618333307902018,-0.3309166653951009
259,20,-6.679999971389772,-0.3339999985694886
260,20,-6.741666634877523,-0.33708333174387617
261,20,-6.7966666301091525,-0.33983333150545764
262,20,-6.851666625340781,-0.34258333126703905
263,20,-6.906666620572409,-0.34533333102862046
264,20,-6.961666615804037,-0.3480833307902019
265,20,-7.0166666110356655,-0.3508333305517833
266,20,-6.986666607856752,-0.3493333303928376
267,20,-6.956666604677837,-0.34783333023389185
268,20,-6.926666601498923,-0.34633333007494616
269,20,-6.8966665983200075,-0.34483332991600035
270,20,-6.866666595141093,-0.34333332975705466
271,20,-6.799999928474426,-0.3399999964237213
272,20,-6.73333326180776,-0.336666663090388
273,20,-6.666666595141092,-0.3333333297570546
274,20,-6.599999928474425,-0.32999999642372124
275,20,-6.533333261807759,-0.32666666309038794
276,20,-6.476666593551636,-0.3238333296775818
277,20,-6.419999925295511,-0.32099999626477554
278,20,-6.363333257039388,-0.3181666628519694
279,20,-6.306666588783264,-0.3153333294391632
280,20,-6.24999992052714,-0.312499996026357
0,21,-13.857142857142858,-0.6598639455782314
1,21,-14.0,-0.6666666666666666
2,21,-14.142857142857142,-0.673469387755102
3,21,-14.285714285714286,-0.6802721088435375
4,21,-14.428571428571429,-0.6870748299319728
5,21,-14.571428571428571,-0.6938775510204082
6,21,-14.714285714285714,-0.7006802721088435
7,21,-14.857142857142858,-0.7074829931972789
8,21,-15.0,-0.7142857142857143
9,21,-15.142857142857142,-0.7210884353741497
10,21,-15.223809529864598,-0.7249433109459332
11,21,-15.304761916872053,-0.7287981865177168
12,21,-15.385714303879508,-0.7326530620895004
13,21,-15.466666690886964,-0.736507937661284
14,21,-15.547619077894419,-0.7403628132330675
15,21,-15.628571464901876,-0.7442176888048513
16,21,-15.566666709052189,-0.7412698432881994
17,21,-15.5047619532025,-0.7383219977715476
18,21,-15.442857197352815,-0.735374152254896
19,21,-15.380952441503128,-0.7324263067382442
20,21,-15.35952387915717,-0.7314058990074843
21,21,-15.338095316811213,-0.7303854912767245
22,21,-15.316666754465254,-0.7293650835459645
23,21,-15.295238192119294,-0.7283446758152045
24,21,-15.27380962977334,-0.7273242680844447
25,21,-15.154762010725719,-0.7216553338440819
26,21,-15.0357143916781,-0.715986399603719
27,21,-14.916666772630482,-0.7103174653633563
28,21,-14.797619153582863,-0.7046485311229935
29,21,-14.678571534535243,-0.6989795968826306
30,21,-14.559523915487624,-0.6933106626422678
31,21,-14.50238105228969,-0.6905895739185567
32,21,-14.445238189091759,-0.6878684851948457
33,21,-14.388095325893827,-0.6851473964711347
34,21,-14.330952462695894,-0.6824263077474235
35,21,-14.142857218545581,-0.6734693913593134
36,21,-13.95476197439527,-0.6645124749712034
37,21,-13.766666730244955,-0.6555555585830931
38,21,-13.578571486094642,-0.646598642194983
39,21,-13.39047624194433,-0.637641725806873
40,21,-13.157142904069687,-0.6265306144795089
41,21,-12.88333337269132,-0.6134920653662533
42,21,-12.609523841312953,-0.6004535162529978
43,21,-12.335714309934588,-0.5874149671397423
44,21,-12.06190477855622,-0.5743764180264866
45,21,-11.788095247177854,-0.5613378689132311
46,21,-11.611904772501147,-0.5529478463095784
47,21,-11.435714297824438,-0.5445578237059256
48,21,-11.259523823147731,-0.5361678011022729
49,21,-11.083333348471024,-0.5277777784986202
50,21,-10.852380960706682,-0.5167800457479372
51,21,-10.621428572942342,-0.5057823129972544
52,21,-10.390476185178002,-0.4947845802465715
53,21,-10.15952379741366,-0.4837868474958886
54,21,-9.928571409649319,-0.47278911474520563
55,21,-9.74920631968786,-0.46424791998513615
56,21,-9.70079361067878,-0.4619425528894657
57,21,-9.6523809016697,-0.4596371857937952
58,21,-9.60396819266062,-0.4573318186981248
59,21,-9.55555548365154,-0.4550264516024543
60,21,-9.50714277464246,-0.45272108450678383
61,21,-9.503968159357706,-0.452569912350367
62,21,-9.500793544072954,-0.4524187401939502
63,21,-9.497618928788201,-0.4522675680375334
64,21,-9.494444313503447,-0.4521163958811165
65,21,-9.499206209939624,-0.4523431528542678
66,21,-9.503968106375801,-0.45256990982741907
67,21,-9.508730002811976,-0.4527966668005703
68,21,-9.513491899248155,-0.4530234237737217
69,21,-9.51825379568433,-0.4532501807468729
70,21,-9.55952362787156,-0.4552154108510266
71,21,-9.65555537314642,-0.4597883511022105
72,21,-9.751587118421282,-0.4643612913533944
73,21,-9.847618863696145,-0.4689342316045783
74,21,-9.943650608971005,-0.47350717185576213
75,21,-10.039682354245867,-0.47808011210694606
76,21,-10.084126801717849,-0.4801965143675166
77,21,-10.12857124918983,-0.4823129166280872
78,21,-10.173015696661812,-0.4844293188886577
79,21,-10.217460144133796,-0.48654572114922834
80,21,-10.327777601423717,-0.4917989334011294
81,21,-10.43809505871364,-0.4970521456530305
82,21,-10.548412516003562,-0.5023053579049316
83,21,-10.658729973293486,-0.5075585701568327
84,21,-10.76904743058341,-0.5128117824087338
85,21,-10.826190286212498,-0.5155328707720237
86,21,-10.875396630120655,-0.5178760300057454
87,21,-10.924602974028813,-0.5202191892394673
88,21,-10.973809317936972,-0.5225623484731892
89,21,-11.023015661845129,-0.5249055077069109
90,21,-11.072222005753288,-0.5272486669406328
91,21,-11.084920413910393,-0.527853353043352
92,21,-11.097618822067501,-0.5284580391460715
93,21,-11.110317230224606,-0.5290627252487907
94,21,-11.123015638381712,-0.5296674113515101
95,21,-11.112698176550484,-0.5291761036452611
96,21,-11.102380714719256,-0.5286847959390122
97,21,-11.092063252888027,-0.5281934882327631
98,21,-11.081745791056798,-0.5277021805265142
99,21,-11.07142832922557,-0.5272108728202652
100,21,-10.974602933913943,-0.5226001397101877
101,21,-10.811904528784373,-0.5148525966087797
102,21,-10.649206123654803,-0.5071050535073716
103,21,-10.486507718525235,-0.4993575104059636
104,21,-10.323809313395666,-0.49160996730455553
105,21,-10.161110908266098,-0.4838624242031475
106,21,-10.051587104797363,-0.4786470049903506
107,21,-9.942063301328627,-0.4734315857775537
108,21,-9.832539497859894,-0.4682161665647569
109,21,-9.72301569439116,-0.46300074735196
110,21,-9.528571257515559,-0.45374148845312184
111,21,-9.334126820639957,-0.4444822295542837
112,21,-9.139682383764358,-0.43522297065544563
113,21,-8.945237946888756,-0.42596371175660747
114,21,-8.750793510013157,-0.41670445285776936
115,21,-8.568253835042318,-0.4080120873829675
116,21,-8.408730030059814,-0.400415715717134
117,21,-8.24920622507731,-0.3928193440513005
118,21,-8.089682420094809,-0.3852229723854671
119,21,-7.930158615112305,-0.37762660071963355
120,21,-7.770634810129802,-0.37003022905380006
121,21,-7.697618938627697,-0.3665532827917951
122,21,-7.624603067125593,-0.3630763365297901
123,21,-7.551587195623489,-0.35959939026778515
124,21,-7.4785713241213845,-0.3561224440057802
125,21,-7.367460216794695,-0.35083143889498547
126,21,-7.256349109468006,-0.3455404337841908
127,21,-7.145238002141316,-0.340249428673396
128,21,-7.034126894814627,-0.3349584235626013
129,21,-6.923015787487938,-0.3296674184518066
130,21,-6.827777699818687,-0.32513227141993745
131,21,-6.8174602455563,-0.32464096407410953
132,21,-6.807142791293915,-0.32414965672828167
133,21,-6.796825337031531,-0.32365834938245386
134,21,-6.786507882769145,-0.32316704203662594
135,21,-6.7761904285067605,-0.32267573469079813
136,21,-6.753968212339613,-0.32161753392093395
137,21,-6.7317459961724655,-0.32055933315106977
138,21,-6.709523780005319,-0.31950113238120564
139,21,-6.687301563838172,-0.3184429316113415
140,21,-6.703968237316799,-0.3192365827293714
141,21,-6.720634910795424,-0.32003023384740115
142,21,-6.737301584274051,-0.320823884965431
143,21,-6.7539682577526765,-0.3216175360834608
144,21,-6.770634931231303,-0.32241118720149065
145,21,-6.743650807274713,-0.3211262289178435
146,21,-6.754761919142709,-0.32165532948298614
147,21,-6.765873031010704,-0.3221844300481288
148,21,-6.7769841428787,-0.3227135306132714
149,21,-6.788095254746695,-0.32324263117841406
150,21,-6.7992063666146905,-0.32377173174355667
151,21,-6.7944444588252475,-0.3235449742297737
152,21,-6.789682551035805,-0.32331821671599076
153,21,-6.784920643246364,-0.32309145920220783
154,21,-6.78015873545692,-0.3228647016884248
155,21,-6.7500000037844226,-0.321428571608782
156,21,-6.719841272111924,-0.31999244152913925
157,21,-6.689682540439424,-0.31855631144949637
158,21,-6.6595238087669255,-0.3171201813698536
159,21,-6.629365077094427,-0.3156840512902108
160,21,-6.5738095215388705,-0.31303854864470815
161,21,-6.479365076337542,-0.30854119411131153
162,21,-6.384920631136213,-0.3040438395779149
163,21,-6.290476185934884,-0.2995464850445183
164,21,-6.196031740733555,-0.2950491305111217
165,21,-6.101587295532227,-0.2905517759777251
166,21,-6.050793647766113,-0.2881330308460054
167,21,-6.0,-0.2857142857142857
168,21,-5.949206352233887,-0.283295540582566
169,21,-5.898412704467773,-0.2808767954508464
170,21,-5.803968259266445,-0.27637944091744976
171,21,-5.709523814065116,-0.27188208638405315
172,21,-5.615079368863787,-0.26738473185065653
173,21,-5.520634923662458,-0.2628873773172599
174,21,-5.4261904784611295,-0.2583900227838633
175,21,-5.381746030989147,-0.2562736205232927
176,21,-5.362698407400222,-0.255366590828582
177,21,-5.343650783811297,-0.2544595611338713
178,21,-5.324603160222371,-0.2535525314391605
179,21,-5.305555536633446,-0.25264550174444983
180,21,-5.286507913044521,-0.2517384720497391
181,21,-5.292857113338652,-0.2520408149208882
182,21,-5.299206313632784,-0.2523431577920373
183,21,-5.305555513926914,-0.2526455006631864
184,21,-5.311904714221046,-0.2529478435343355
185,21,-5.339682488214402,-0.2542705946768763
186,21,-5.367460262207758,-0.25559334581941706
187,21,-5.395238036201114,-0.25691609696195783
188,21,-5.423015810194469,-0.25823884810449854
189,21,-5.450793584187825,-0.2595615992470393
190,21,-5.499999931880406,-0.2619047586609717
191,21,-5.592857077008202,-0.26632652747658103
192,21,-5.6857142221359975,-0.2707482962921904
193,21,-5.778571367263794,-0.27517006510779973
194,21,-5.87142851239159,-0.2795918339234091
195,21,-5.964285657519386,-0.2840136027390184
196,21,-6.0071428049178355,-0.2860544192818017
197,21,-6.049999952316284,-0.28809523582458496
198,21,-6.092857099714733,-0.2901360523673682
199,21,-6.1357142471131825,-0.29217686891015154
200,21,-6.228571392240978,-0.29659863772576084
201,21,-6.321428537368774,-0.3010204065413702
202,21,-6.414285682496571,-0.30544217535697954
203,21,-6.507142827624366,-0.3098639441725889
204,21,-6.599999972752163,-0.31428571298819824
205,21,-6.652380928160651,-0.3167800441981263
206,21,-6.683333309869917,-0.3182539671366627
207,21,-6.714285691579183,-0.3197278900751992
208,21,-6.745238073288448,-0.3212018130137356
209,21,-6.776190454997713,-0.32267573595227206
210,21,-6.807142836706979,-0.32414965889080855
211,21,-6.816666644717019,-0.32460317355795326
212,21,-6.82619045272706,-0.3250566882250981
213,21,-6.8357142607371015,-0.3255102028922429
214,21,-6.8452380687471415,-0.3259637175593877
215,21,-6.83095235673208,-0.3252834455586705
216,21,-6.816666644717021,-0.3246031735579534
217,21,-6.8023809327019595,-0.3239229015572362
218,21,-6.788095220686898,-0.32324262955651895
219,21,-6.773809508671837,-0.32256235755580176
220,21,-6.780158716534812,-0.322864700787372
221,21,-6.736507926668439,-0.32078609174611616
222,21,-6.6928571368020675,-0.3187074827048604
223,21,-6.649206346935697,-0.3166288736636046
224,21,-6.605555557069325,-0.3145502646223488
225,21,-6.561904767202954,-0.312471655581093
226,21,-6.558730167055888,-0.3123204841455185
227,21,-6.555555566908822,-0.3121693127099439
228,21,-6.552380966761756,-0.31201814127436933
229,21,-6.5492063666146905,-0.3118669698387948
230,21,-6.527777796699889,-0.31084656174761377
231,21,-6.506349226785086,-0.3098261536564327
232,21,-6.484920656870282,-0.30880574556525153
233,21,-6.463492086955479,-0.30778533747407044
234,21,-6.442063517040677,-0.3067649293828894
235,21,-6.4087301852211125,-0.305177627867672
236,21,-6.39920637342665,-0.30472411302031666
237,21,-6.3896825616321875,-0.3042705981729613
238,21,-6.380158749837725,-0.303817083325606
239,21,-6.3706349380432625,-0.3033635684782506
240,21,-6.361111126248799,-0.3029100536308952
241,21,-6.3309523945762995,-0.30147392355125235
242,21,-6.300793662903802,-0.3000377934716096
243,21,-6.270634931231303,-0.2986016633919668
244,21,-6.240476199558803,-0.297165533312324
245,21,-6.234126991695828,-0.29686319008075374
246,21,-6.227777783832853,-0.2965608468491835
247,21,-6.2214285759698775,-0.2962585036176132
248,21,-6.215079368106903,-0.295956160386043
249,21,-6.208730160243928,-0.2956538171544728
250,21,-6.237301584274049,-0.2970143611559071
251,21,-6.284126978071909,-0.29924414181294806
252,21,-6.330952371869769,-0.301473922469989
253,21,-6.377777765667629,-0.30370370312702993
254,21,-6.424603159465487,-0.3059334837840708
255,21,-6.471428553263347,-0.30816326444111175
256,21,-6.530158708965969,-0.310959938522189
257,21,-6.588888864668589,-0.31375661260326615
258,21,-6.64761902037121,-0.31655328668434335
259,21,-6.706349176073832,-0.3193499607654206
260,21,-6.7587301239134785,-0.32184429161492756
261,21,-6.811111071753125,-0.3243386224644345
262,21,-6.863492019592771,-0.32683295331394147
263,21,-6.915872967432416,-0.32932728416344836
264,21,-6.968253915272062,-0.3318216150129554
265,21,-6.963492007482621,-0.33159485749917245
266,21,-6.934920575883655,-0.33023431313731694
267,21,-6.906349144284688,-0.3288737687754613
268,21,-6.877777712685723,-0.32751322441360586
269,21,-6.849206281086755,-0.32615268005175024
270,21,-6.82063484948779,-0.3247921356898948
271,21,-6.757142785995726,-0.3217687040950346
272,21,-6.693650722503664,-0.3187452725001745
273,21,-6.630158659011598,-0.3157218409053142
274,21,-6.566666595519534,-0.312698409310454
275,21,-6.512698340037512,-0.31012849238273865
276,21,-6.45873008455549,-0.3075585754550233
277,21,-6.4047618290734665,-0.30498865852730794
278,21,-6.350793573591444,-0.3024187415995926
279,21,-6.296825318109422,-0.29984882467187723
0,22,-13.954545454545455,-0.6342975206611571
1,22,-14.090909090909092,-0.6404958677685951
2,22,-14.227272727272727,-0.6466942148760331
3,22,-14.363636363636363,-0.652892561983471
4,22,-14.5,-0.6590909090909091
5,22,-14.636363636363637,-0.6652892561983471
6,22,-14.772727272727273,-0.6714876033057852
7,22,-14.909090909090908,-0.6776859504132231
8,22,-15.045454545454545,-0.6838842975206612
9,22,-15.122727278507115,-0.6873966944775961
10,22,-15.200000011559688,-0.6909090914345313
11,22,-15.277272744612258,-0.6944214883914662
12,22,-15.354545477664828,-0.6979338853484013
13,22,-15.431818210717399,-0.7014462823053363
14,22,-15.50909094376997,-0.7049586792622713
15,22,-15.586363676822543,-0.7084710762192065
16,22,-15.527272773511477,-0.7057851260687035
17,22,-15.468181870200413,-0.7030991759182006
18,22,-15.40909096688935,-0.7004132257676977
19,22,-15.38863643010457,-0.6994834740956622
20,22,-15.368181893319791,-0.6985537224236269
21,22,-15.347727356535016,-0.6976239707515917
22,22,-15.327272819750236,-0.6966942190795562
23,22,-15.306818282965457,-0.6957644674075207
24,22,-15.193181919329096,-0.6905991781513225
25,22,-15.079545555692732,-0.6854338888951242
26,22,-14.965909192056369,-0.6802685996389258
27,22,-14.852272828420006,-0.6751033103827275
28,22,-14.73863646478364,-0.6699380211265291
29,22,-14.625000101147277,-0.6647727318703308
30,22,-14.511363737510914,-0.6596074426141324
31,22,-14.456818277185613,-0.657128103508437
32,22,-14.402272816860316,-0.6546487644027417
33,22,-14.347727356535017,-0.6521694252970462
34,22,-14.168181896209717,-0.6440082680095326
35,22,-13.988636435884418,-0.635847110722019
36,22,-13.809090975559121,-0.6276859534345055
37,22,-13.62954551523382,-0.6195247961469919
38,22,-13.450000054908521,-0.6113636388594782
39,22,-13.227272777846366,-0.6012396717202894
40,22,-13.004545500784207,-0.5911157045811003
41,22,-12.743181857195765,-0.5792355389634438
42,22,-12.481818213607324,-0.5673553733457875
43,22,-12.220454570018886,-0.5554752077281312
44,22,-11.959090926430445,-0.5435950421104748
45,22,-11.697727282842003,-0.5317148764928183
46,22,-11.529545466105146,-0.5240702484593248
47,22,-11.361363649368288,-0.5164256204258313
48,22,-11.193181832631431,-0.5087809923923378
49,22,-10.972727280674562,-0.4987603309397528
50,22,-10.75227272871769,-0.48873966948716774
51,22,-10.53181817676082,-0.4787190080345827
52,22,-10.311363624803949,-0.46869834658199766
53,22,-10.090909072847078,-0.4586776851294126
54,22,-9.919696941520229,-0.45089531552364676
55,22,-9.74848481019338,-0.4431129459178809
56,22,-9.702272678866532,-0.44101239449393326
57,22,-9.656060547539683,-0.4389118430699856
58,22,-9.609848416212834,-0.43681129164603794
59,22,-9.563636284885986,-0.4347107402220903
60,22,-9.517424153559135,-0.4326101887981425
61,22,-9.514393838969143,-0.43247244722587014
62,22,-9.511363524379153,-0.43233470565359783
63,22,-9.50833320978916,-0.43219696408132546
64,22,-9.512878656387329,-0.43240357529033313
65,22,-9.5174241029855,-0.43261018649934085
66,22,-9.521969549583666,-0.43281679770834847
67,22,-9.526514996181835,-0.43302340891735613
68,22,-9.531060442780005,-0.43323002012636386
69,22,-9.570454373504177,-0.43502065334109896
70,22,-9.609848304228349,-0.436811286555834
71,22,-9.701514970172536,-0.4409779531896607
72,22,-9.79318163611672,-0.4451446198234873
73,22,-9.884848302060908,-0.449311286457314
74,22,-9.976514968005093,-0.4534779530911406
75,22,-10.06818163394928,-0.4576446197249673
76,22,-10.110605879263444,-0.4595729945119747
77,22,-10.15303012457761,-0.4615013692989823
78,22,-10.195454369891774,-0.46342974408598975
79,22,-10.300757397304881,-0.46821624533204004
80,22,-10.40606042471799,-0.4730027465780905
81,22,-10.511363452131098,-0.47778924782414084
82,22,-10.616666479544206,-0.4825757490701912
83,22,-10.721969506957315,-0.4873622503162416
84,22,-10.776514960057808,-0.48984158909353676
85,22,-10.8310604131583,-0.4923209278708318
86,22,-10.878030105070634,-0.494455913866847
87,22,-10.924999796982966,-0.4965908998628621
88,22,-10.971969488895299,-0.4987258858588772
89,22,-11.018939180807632,-0.5008608718548924
90,22,-11.065908872719964,-0.5029958578509075
91,22,-11.078030080506293,-0.5035468218411951
92,22,-11.090151288292622,-0.5040977858314828
93,22,-11.102272496078951,-0.5046487498217705
94,22,-11.092424009785505,-0.5042010913538866
95,22,-11.08257552349206,-0.5037534328860027
96,22,-11.072727037198614,-0.5033057744181189
97,22,-11.062878550905168,-0.5028581159502349
98,22,-11.053030064611724,-0.502410457482351
99,22,-10.960605823632442,-0.49820935561965646
100,22,-10.868181582653161,-0.4940082537569619
101,22,-10.712878559574936,-0.48694902543522434
102,22,-10.557575536496712,-0.4798897971134869
103,22,-10.402272513418486,-0.4728305687917494
104,22,-10.24696949034026,-0.46577134047001184
105,22,-10.091666467262037,-0.4587121121482744
106,22,-9.987121018496426,-0.4539600462952921
107,22,-9.882575569730816,-0.44920798044230986
108,22,-9.778030120965205,-0.4444559145893275
109,22,-9.59242406758395,-0.43601927579927047
110,22,-9.406818014202695,-0.42758263700921345
111,22,-9.22121196082144,-0.4191459982191564
112,22,-9.035605907440186,-0.41070935942909936
113,22,-8.849999854058929,-0.40227272063904224
114,22,-8.67575743704131,-0.39435261077460504
115,22,-8.501515020023692,-0.38643250091016784
116,22,-8.34924229708585,-0.37951101350390226
117,22,-8.196969574148005,-0.37258952609763657
118,22,-8.04469685121016,-0.36566803869137093
119,22,-7.892424128272316,-0.3587465512851053
120,22,-7.740151405334473,-0.35182506387883966
121,22,-7.670454437082464,-0.34865701986738473
122,22,-7.600757468830455,-0.3454889758559298
123,22,-7.531060500578447,-0.3423209318444749
124,22,-7.424999898130244,-0.33749999536955655
125,22,-7.31893929568204,-0.33267905889463817
126,22,-7.2128786932338365,-0.32785812241971984
127,22,-7.106818090785634,-0.3230371859448015
128,22,-7.00075748833743,-0.3182162494698832
129,22,-6.909848404653144,-0.3140840183933247
130,22,-6.818939320968858,-0.30995178731676626
131,22,-6.809090841900217,-0.3095041291772826
132,22,-6.799242362831577,-0.30905647103779893
133,22,-6.789393883762937,-0.3086088128983153
134,22,-6.779545404694296,-0.3081611547588316
135,22,-6.769696925625656,-0.307713496619348
136,22,-6.7484848101933785,-0.30674930955424445
137,22,-6.727272694761101,-0.30578512248914097
138,22,-6.706060579328826,-0.30482093542403754
139,22,-6.721969676740243,-0.3055440762154656
140,22,-6.737878774151659,-0.3062672170068936
141,22,-6.753787871563074,-0.30699035779832157
142,22,-6.76969696897449,-0.30771349858974956
143,22,-6.785606066385906,-0.30843663938117755
144,22,-6.759848493518252,-0.307265840614466
145,22,-6.7340909206505986,-0.3060950418477545
146,22,-6.74469698197914,-0.3065771355445064
147,22,-6.755303043307681,-0.3070592292412582
148,22,-6.765909104636222,-0.3075413229380101
149,22,-6.7765151659647636,-0.30802341663476196
150,22,-6.787121227293304,-0.3085055103315138
151,22,-6.782575769857927,-0.3082988986299058
152,22,-6.77803031242255,-0.30809228692829776
153,22,-6.773484854987174,-0.30788567522668975
154,22,-6.7446969747543335,-0.3065771352161061
155,22,-6.715909094521494,-0.30526859520552246
156,22,-6.687121214288655,-0.30396005519493885
157,22,-6.658333334055814,-0.3026515151843552
158,22,-6.629545453822974,-0.30134297517377157
159,22,-6.576515150792672,-0.29893250685421235
160,22,-6.523484847762368,-0.2965220385346531
161,22,-6.433333331888372,-0.29242424235856235
162,22,-6.3431818160143765,-0.28832644618247166
163,22,-6.253030300140381,-0.2842286500063809
164,22,-6.162878784266385,-0.28013085383029024
165,22,-6.07272726839239,-0.27603305765419955
166,22,-6.024242422797463,-0.2738292010362483
167,22,-5.975757577202537,-0.27162534441829717
168,22,-5.92727273160761,-0.2694214878003459
169,22,-5.837121215733615,-0.26532369162425523
170,22,-5.746969699859619,-0.2612258954481645
171,22,-5.6568181839856235,-0.2571280992720738
172,22,-5.566666668111628,-0.25303030309598307
173,22,-5.476515152237632,-0.24893250691989238
174,22,-5.434090906923467,-0.24700413213288488
175,22,-5.391666661609303,-0.24507575734587742
176,22,-5.373484839092601,-0.24424931086784551
177,22,-5.3553030165759,-0.24342286438981364
178,22,-5.337121194059199,-0.24259641791178177
179,22,-5.3189393715424975,-0.2417699714337499
180,22,-5.300757549025795,-0.24094352495571797
181,22,-5.306818149306557,-0.2412190067866617
182,22,-5.312878749587319,-0.2414944886176054
183,22,-5.318939349868081,-0.24176997044854912
184,22,-5.34545449777083,-0.24297520444412865
185,22,-5.371969645673579,-0.24418043843970813
186,22,-5.398484793576327,-0.2453856724352876
187,22,-5.424999941479076,-0.2465909064308671
188,22,-5.451515089381825,-0.2477961404264466
189,22,-5.498484784906561,-0.24993112658666183
190,22,-5.545454480431297,-0.2520661127468771
191,22,-5.634090846235102,-0.2560950384652319
192,22,-5.722727212038907,-0.2601239641835867
193,22,-5.811363577842712,-0.26415288990194147
194,22,-5.899999943646518,-0.26818181562029625
195,22,-5.988636309450323,-0.27221074133865103
196,22,-6.029545404694297,-0.2740702456679226
197,22,-6.070454499938271,-0.27592974999719416
198,22,-6.111363595182246,-0.27778925432646573
199,22,-6.199999960986051,-0.2818181800448205
200,22,-6.288636326789856,-0.2858471057631753
201,22,-6.377272692593661,-0.28987603148153007
202,22,-6.465909058397466,-0.29390495719988485
203,22,-6.5545454242012715,-0.29793388291823963
204,22,-6.604545427091193,-0.300206610322327
205,22,-6.654545429981115,-0.30247933772641433
206,22,-6.6840908852490495,-0.30382231296586587
207,22,-6.713636340516985,-0.3051652882053175
208,22,-6.7431817957849205,-0.3065082634447691
209,22,-6.772727251052856,-0.3078512386842207
210,22,-6.8022727063207915,-0.30919421392367236
211,22,-6.811363613966739,-0.30960743699848814
212,22,-6.820454521612686,-0.3100206600733039
213,22,-6.829545429258635,-0.31043388314811976
214,22,-6.815909067789713,-0.30981404853589606
215,22,-6.8022727063207915,-0.30919421392367236
216,22,-6.78863634485187,-0.30857437931144865
217,22,-6.774999983382949,-0.30795454469922495
218,22,-6.761363621914026,-0.3073347100870012
219,22,-6.767424229419593,-0.3076101922463451
220,22,-6.77348483692516,-0.3078856744056891
221,22,-6.731818173870895,-0.3059917351759498
222,22,-6.690151510816631,-0.3040977959462105
223,22,-6.648484847762368,-0.30220385671647126
224,22,-6.606818184708104,-0.30030991748673197
225,22,-6.56515152165384,-0.29841597825699273
226,22,-6.5621212215134594,-0.29827823734152087
227,22,-6.559090921373079,-0.298140496426049
228,22,-6.556060621232698,-0.29800275551057714
229,22,-6.535606077223114,-0.29707300351014154
230,22,-6.51515153321353,-0.2961432515097059
231,22,-6.494696989203946,-0.2952134995092703
232,22,-6.474242445194361,-0.29428374750883457
233,22,-6.453787901184776,-0.2933539955083989
234,22,-6.421969720811555,-0.29190771458234344
235,22,-6.390151540438335,-0.29046143365628796
236,22,-6.381060629179984,-0.290048210417272
237,22,-6.371969717921633,-0.28963498717825603
238,22,-6.362878806663283,-0.28922176393924015
239,22,-6.353787895404932,-0.28880854070022416
240,22,-6.344696984146581,-0.2883953174612082
241,22,-6.31590910391374,-0.28708677745062455
242,22,-6.287121223680901,-0.285778237440041
243,22,-6.2583333434480615,-0.2844696974294573
244,22,-6.252272735942494,-0.28419421527011335
245,22,-6.246212128436927,-0.2839187331107694
246,22,-6.24015152093136,-0.28364325095142545
247,22,-6.234090913425792,-0.2833677687920815
248,22,-6.2280303059202256,-0.2830922866327375
249,22,-6.255303028858069,-0.28433195585718496
250,22,-6.282575751795912,-0.28557162508163236
251,22,-6.327272718602961,-0.2876033053910437
252,22,-6.371969685410008,-0.2896349857004549
253,22,-6.416666652217057,-0.2916666660098662
254,22,-6.4613636190241035,-0.29369834631927744
255,22,-6.50606058583115,-0.29573002662868864
256,22,-6.562121189001835,-0.29827823586371977
257,22,-6.618181792172519,-0.30082644509875084
258,22,-6.674242395343202,-0.3033746543337819
259,22,-6.72424239100832,-0.3056473814094691
260,22,-6.7742423866734365,-0.3079201084851562
261,22,-6.824242382338554,-0.31019283556084337
262,22,-6.874242378003671,-0.31246556263653047
263,22,-6.924242373668787,-0.31473828971221757
264,22,-6.919696916233411,-0.3145316780106096
265,22,-6.915151458798035,-0.3143250663090016
266,22,-6.8878787286353855,-0.3130853967561539
267,22,-6.860605998472735,-0.31184572720330617
268,22,-6.833333268310086,-0.31060605765045846
269,22,-6.8060605381474355,-0.3093663880976107
270,22,-6.778787807984787,-0.30812671854476303
271,22,-6.7181817473787255,-0.3053718976081239
272,22,-6.657575686772666,-0.3026170766714848
273,22,-6.5969696261666035,-0.2998622557348456
274,22,-6.54545447320649,-0.2975206578730223
275,22,-6.493939320246378,-0.295179060011199
276,22,-6.442424167286266,-0.2928374621493757
277,22,-6.390909014326152,-0.29049586428755236
278,22,-6.33939386136604,-0.2881542664257291
