sense_start,sense_length,0_matches,1_matches,2_matches,3_matches
1,13,0,6,120,1163
0,13,0,8,90,1152
3,13,0,11,157,1699
2,13,0,7,125,1197
5,13,0,15,215,1813
4,13,0,21,264,2035
8,13,0,3,105,1004
10,13,1,10,168,1690
6,13,1,5,148,1662
7,13,1,7,111,1303
11,13,1,21,323,2494
12,13,0,19,289,2377
16,13,0,5,104,1360
9,13,0,5,119,1365
14,13,1,7,180,1561
13,13,1,21,185,2168
18,13,0,7,68,919
17,13,0,3,82,972
15,13,0,6,132,1365
23,13,0,2,59,895
19,13,0,7,107,1116
25,13,0,0,45,523
22,13,0,5,93,1154
21,13,1,5,102,1255
24,13,0,5,37,623
26,13,0,2,48,501
20,13,1,5,117,1401
27,13,0,2,47,611
34,13,1,11,182,1483
28,13,0,5,66,698
29,13,0,16,69,952
36,13,0,4,141,1079
30,13,0,4,129,1165
35,13,0,12,161,1494
31,13,0,10,193,1670
33,13,0,5,120,1179
32,13,0,5,118,1314
43,13,1,12,195,1875
46,13,1,6,76,862
42,13,1,23,230,1667
44,13,1,6,106,1105
39,13,0,15,263,2367
47,13,1,8,117,1232
37,13,0,7,194,1785
38,13,0,11,314,2309
45,13,1,8,99,1044
40,13,0,10,286,2232
49,13,0,4,118,1162
50,13,0,7,83,916
41,13,0,18,235,2000
51,13,0,2,85,886
52,13,0,5,102,1060
48,13,0,4,98,860
55,13,0,7,133,1714
53,13,0,1,64,962
58,13,0,3,78,993
57,13,0,4,106,1388
54,13,1,8,89,1343
61,13,0,2,91,1226
56,13,0,1,71,992
63,13,0,1,58,965
68,13,0,6,120,1293
60,13,0,3,57,834
67,13,0,4,129,1607
62,13,0,2,82,1077
59,13,0,8,112,1516
66,13,0,6,144,1650
64,13,0,2,77,1354
71,13,3,7,164,1928
65,13,0,6,200,2354
73,13,0,14,224,1926
70,13,1,9,141,1509
77,13,1,6,130,1453
80,13,0,9,99,1012
69,13,1,13,182,1763
75,13,0,8,239,2129
78,13,0,7,101,1114
83,13,0,9,104,1048
76,13,0,5,120,1316
79,13,0,11,80,916
81,13,1,9,117,1232
74,13,0,17,209,2055
82,13,1,11,143,1312
87,13,0,1,43,554
72,13,1,14,174,1734
84,13,0,7,77,849
89,13,0,4,95,959
93,13,0,4,63,765
91,13,0,1,70,672
85,13,0,4,62,788
88,13,0,2,43,564
95,13,0,1,65,703
86,13,0,0,41,573
90,13,0,6,110,1092
92,13,0,3,74,794
98,13,0,6,66,898
94,13,0,4,74,930
96,13,0,3,123,1258
99,13,1,13,127,1429
102,13,0,9,90,857
103,13,2,7,118,1079
97,13,0,3,48,801
101,13,0,6,52,656
100,13,0,5,92,946
108,13,1,12,224,1485
104,13,1,12,155,1480
106,13,2,19,189,1672
105,13,3,18,204,1918
109,13,1,76,199,2035
116,13,0,25,231,1984
107,13,2,10,211,1738
119,13,0,9,131,1468
111,13,2,13,247,2577
115,13,0,14,247,2073
117,13,0,11,127,1255
113,13,1,18,275,2390
118,13,0,5,114,1346
110,13,2,14,336,2481
114,13,0,31,383,3174
121,13,2,24,294,2521
112,13,1,23,263,2511
120,13,1,18,305,2710
122,13,2,20,263,2295
130,13,0,15,185,2126
125,13,0,11,199,1773
129,13,0,12,196,2071
132,13,0,6,169,2091
137,13,0,2,59,887
124,13,0,10,244,2048
123,13,0,10,176,1760
127,13,0,12,168,1842
140,13,0,1,64,474
126,13,1,4,170,1781
128,13,1,11,195,2254
134,13,0,2,102,1126
133,13,0,2,94,1099
131,13,0,9,146,1512
139,13,0,2,62,450
138,13,0,2,78,714
147,13,0,3,120,1039
136,13,2,4,102,1199
142,13,0,1,32,630
135,13,0,7,141,1529
141,13,0,1,29,603
143,13,0,1,67,978
151,13,1,8,111,1274
156,13,2,4,149,1084
149,13,1,5,126,1155
145,13,0,4,99,1094
146,13,0,7,145,1260
157,13,0,7,62,863
159,13,0,2,46,596
148,13,0,3,74,830
144,13,0,1,85,1113
154,13,0,10,136,1320
155,13,0,9,138,1203
162,13,1,5,113,1115
150,13,2,12,139,1494
163,13,0,10,113,1098
161,13,0,4,79,917
160,13,0,2,47,635
152,13,2,11,251,1910
158,13,0,4,56,737
166,13,0,1,55,705
168,13,0,2,45,579
153,13,0,14,205,1709
165,13,0,3,55,577
164,13,0,5,76,722
167,13,0,3,87,874
169,13,0,2,34,563
173,13,0,5,109,1366
170,13,0,4,50,795
172,13,0,3,68,987
178,13,0,8,208,2262
174,13,0,8,115,1405
171,13,0,2,77,1085
175,13,0,5,97,949
180,13,0,17,268,2306
176,13,0,6,67,1036
185,13,0,15,249,2519
184,13,0,12,202,2015
177,13,1,4,161,1513
182,13,0,22,391,3298
188,13,0,10,205,1814
186,13,0,7,157,1740
179,13,0,10,201,2157
187,13,0,5,112,1385
181,13,0,18,263,2426
183,13,0,23,277,2504
189,13,0,9,143,1371
191,13,0,5,123,1315
190,13,0,5,112,1236
192,13,0,5,115,1244
193,13,0,5,136,1362
194,13,0,14,223,2217
195,13,0,11,184,1799
196,13,0,11,154,1706
197,13,0,10,152,1566
198,13,0,4,131,1426
199,13,0,8,183,1794
200,13,0,14,209,2022
201,13,0,18,191,1887
202,13,0,30,209,1953
203,13,0,15,238,1915
204,13,0,13,268,2550
205,13,1,15,269,2689
207,13,2,25,305,2702
206,13,1,22,352,2990
208,13,0,25,275,2540
209,13,1,11,284,2400
210,13,0,12,185,1867
212,13,0,6,110,1298
211,13,0,12,99,1099
213,13,0,5,128,1316
214,13,0,5,147,1648
215,13,0,6,118,1339
216,13,2,2,51,767
217,13,0,2,57,884
218,13,0,2,91,988
219,13,0,1,58,845
220,13,0,3,77,1039
221,13,0,3,65,715
222,13,0,9,105,1130
223,13,0,15,151,1652
224,13,0,15,245,2599
225,13,0,15,250,2699
226,13,0,18,287,2876
227,13,0,19,224,2291
228,13,0,14,244,2214
229,13,0,22,405,3282
230,13,1,17,294,2668
231,13,0,16,238,2412
232,13,1,12,258,2307
233,13,1,8,206,2163
234,13,0,18,243,2553
237,13,0,5,86,1267
235,13,0,16,234,2359
236,13,0,6,164,1586
238,13,0,3,110,1289
239,13,0,8,163,1806
240,13,0,10,275,2270
241,13,1,22,460,3621
242,13,0,36,413,3574
243,13,3,26,471,3997
244,13,1,41,396,3723
245,13,0,14,298,2929
248,13,0,14,200,1874
247,13,0,12,156,1791
246,13,0,9,236,2538
249,13,0,13,255,2539
250,13,0,6,211,2309
251,13,0,2,135,1766
252,13,0,9,111,1503
253,13,0,4,87,1010
254,13,0,2,88,1223
255,13,0,2,70,939
256,13,0,4,81,1006
257,13,0,12,177,1656
258,13,0,10,160,1427
259,13,1,8,111,1099
260,13,0,9,82,1037
261,13,0,10,123,1055
262,13,0,8,98,1009
263,13,0,6,79,819
264,13,0,9,67,851
266,13,0,8,79,843
265,13,0,6,71,877
267,13,0,1,40,516
269,13,0,4,44,756
268,13,0,4,53,772
270,13,0,2,43,589
271,13,0,3,74,917
272,13,0,4,68,906
273,13,0,6,131,1284
275,13,0,4,109,1103
274,13,0,3,96,1157
276,13,1,14,221,1933
278,13,1,8,162,1794
277,13,0,7,203,1924
279,13,2,13,208,2445
281,13,0,13,165,1854
280,13,1,19,303,2772
282,13,0,9,194,1597
284,13,0,4,109,1278
283,13,0,7,152,1762
285,13,0,6,154,1534
286,13,0,7,125,1287
287,13,0,14,163,1544
288,13,0,9,138,1381
289,13,0,9,129,1378
290,13,0,6,121,1253
292,13,0,12,153,1422
291,13,0,10,101,1184
293,13,0,7,163,1445
295,13,0,7,210,2008
294,13,0,4,190,1692
296,13,0,9,170,1811
298,13,0,6,129,1524
297,13,0,14,228,2073
299,13,0,13,195,1933
300,13,0,17,241,2109
301,13,1,7,126,1275
302,13,0,5,53,714
303,13,0,4,73,840
304,13,0,0,54,759
305,13,0,3,89,703
306,13,0,6,77,633
307,13,0,2,76,812
308,13,0,0,80,724
309,13,0,2,82,1166
310,13,0,0,71,1011
311,13,0,2,135,1474
314,13,0,6,93,1442
313,13,0,1,41,731
312,13,0,2,69,1232
317,13,0,2,121,1569
315,13,0,4,97,1570
316,13,0,2,86,1287
320,13,0,11,171,2227
318,13,0,7,161,1732
319,13,0,6,136,1698
321,13,0,0,109,1580
322,13,0,2,76,1135
323,13,0,4,88,1073
324,13,0,5,50,946
325,13,0,6,173,1599
326,13,1,22,347,2958
327,13,2,6,219,2100
328,13,2,18,267,2765
329,13,0,16,282,2733
330,13,0,8,174,1881
331,13,0,15,216,2551
332,13,0,8,213,2284
334,13,0,8,184,1994
333,13,0,10,188,1940
335,13,0,6,161,1686
337,13,0,5,171,1778
336,13,0,8,147,1646
338,13,1,4,117,1471
339,13,0,5,96,1360
341,13,0,5,73,999
340,13,0,1,76,900
342,13,0,2,79,966
344,13,0,4,71,874
343,13,0,4,75,1028
346,13,0,3,50,699
345,13,0,1,45,670
347,13,1,3,89,1106
348,13,1,6,108,1264
349,13,0,4,118,1601
350,13,0,1,128,1333
351,13,0,2,78,1114
352,13,0,3,48,704
353,13,0,0,55,674
354,13,0,0,44,724
355,13,0,1,52,882
356,13,0,3,71,844
358,13,0,2,74,964
357,13,0,0,52,616
359,13,0,3,92,1135
361,13,0,4,98,1097
360,13,0,4,93,1218
362,13,0,0,69,924
363,13,0,0,58,963
364,13,0,7,159,1633
365,13,1,13,190,1902
367,13,0,9,98,1329
366,13,1,8,180,2101
368,13,0,6,153,1409
370,13,1,12,254,2439
369,13,0,9,235,2161
373,13,0,9,184,1916
372,13,1,14,149,1507
371,13,0,10,200,2102
375,13,0,6,124,1183
376,13,0,5,103,1038
374,13,1,8,152,1591
377,13,0,6,87,976
378,13,0,5,131,1441
379,13,0,7,130,1642
380,13,0,4,131,1665
382,13,0,6,177,1904
381,13,0,4,124,1581
383,13,1,21,320,3206
385,13,0,28,402,3418
384,13,1,18,236,2600
386,13,0,24,305,3032
388,13,0,20,297,2922
389,13,1,17,391,3234
387,13,0,30,419,3720
391,13,0,28,464,3681
390,13,0,32,439,3438
392,13,0,27,302,2918
394,13,0,36,426,3518
393,13,0,44,518,3941
395,13,0,30,389,3346
397,13,0,18,225,2377
398,13,0,6,187,1655
396,13,1,17,280,2357
400,13,0,3,61,862
399,13,0,3,101,1189
401,13,0,1,68,854
403,13,0,1,78,837
402,13,0,0,63,759
404,13,0,2,75,751
405,13,0,2,58,727
406,13,1,1,41,725
407,13,0,7,45,785
409,13,0,2,89,793
408,13,0,1,43,617
410,13,0,2,101,903
411,13,0,2,135,1096
412,13,0,5,140,1436
413,13,0,5,89,1216
414,13,0,5,104,1274
415,13,0,11,151,1943
416,13,0,14,162,1702
417,13,1,15,190,2028
419,13,0,9,146,1552
418,13,0,10,168,1982
420,13,1,6,102,1523
421,13,0,11,213,2405
422,13,0,12,162,1936
423,13,0,13,205,2125
424,13,0,20,329,3110
425,13,0,10,200,2159
426,13,0,18,234,2575
427,13,0,16,245,2542
429,13,0,6,125,1204
428,13,0,5,124,1440
430,13,0,5,132,1360
431,13,0,4,92,1115
432,13,0,4,74,972
433,13,0,2,72,962
434,13,0,3,75,971
436,13,0,5,67,775
435,13,0,6,105,1115
437,13,0,0,50,589
438,13,0,1,62,758
439,13,0,2,44,668
440,13,0,4,56,789
441,13,0,2,95,1191
443,13,1,5,138,1477
442,13,0,7,112,1438
444,13,0,7,162,1665
446,13,0,4,99,1223
445,13,0,4,94,1173
447,13,0,3,69,898
449,13,0,2,68,988
448,13,0,2,77,971
451,13,0,1,152,1552
450,13,0,2,82,1300
452,13,0,4,95,1057
453,13,0,10,141,1522
454,13,0,7,176,1823
455,13,0,7,207,2070
457,13,0,7,128,1533
456,13,0,8,119,1428
458,13,0,13,270,2457
459,13,0,10,277,2477
460,13,1,20,362,3394
461,13,1,34,400,3840
462,13,0,31,478,4513
463,13,3,76,936,7065
464,13,1,42,545,4702
465,13,1,31,515,4308
466,13,0,10,281,3070
467,13,0,13,250,2888
468,13,0,20,350,3421
469,13,0,21,367,3628
471,13,0,4,257,2823
472,13,0,4,187,2363
470,13,0,16,300,3224
473,13,0,5,183,2139
474,13,0,17,228,2631
475,13,0,4,147,1524
476,13,0,0,61,797
477,13,0,4,120,1506
478,13,0,8,218,2179
479,13,1,10,271,2512
480,13,1,15,194,2269
481,13,1,10,208,2330
482,13,1,12,213,2598
484,13,0,17,246,2872
483,13,1,11,289,2924
485,13,0,14,233,2831
486,13,0,12,267,3082
487,13,1,12,354,3608
488,13,0,22,355,3712
491,13,0,13,259,2297
490,13,0,27,386,3265
489,13,0,44,575,5119
492,13,0,14,146,1642
494,13,0,9,129,1393
493,13,0,12,163,1882
495,13,0,17,247,2069
498,13,0,3,70,1019
497,13,0,4,137,1429
496,13,0,15,247,2225
499,13,0,6,51,764
500,13,0,4,54,809
501,13,0,2,38,535
502,13,0,1,40,648
503,13,0,4,73,956
504,13,0,7,109,1120
505,13,1,22,261,2434
506,13,1,19,198,2016
507,13,2,19,241,2577
508,13,0,9,161,1669
509,13,0,8,63,953
510,13,0,10,111,1141
511,13,0,5,107,1109
512,13,0,7,130,1219
513,13,0,12,213,1634
514,13,0,7,155,1337
516,13,0,3,119,960
515,13,0,17,119,1338
517,13,0,6,108,1251
518,13,0,3,123,1344
519,13,0,3,78,814
520,13,0,7,78,928
521,13,0,6,106,1215
522,13,0,9,137,1489
523,13,1,8,107,1270
524,13,0,7,111,1276
525,13,0,2,67,883
526,13,0,3,123,1248
527,13,0,3,107,1155
528,13,0,2,68,805
529,13,0,9,114,1163
530,13,0,11,82,985
531,13,0,10,68,922
532,13,0,12,85,1204
533,13,0,10,102,1338
534,13,0,7,65,843
535,13,0,10,109,1230
536,13,0,8,101,1226
537,13,0,7,119,1423
538,13,0,11,286,2293
539,13,0,14,227,2311
540,13,1,10,276,2600
541,13,1,25,323,3653
542,13,2,9,192,2191
543,13,1,17,235,2599
544,13,2,9,178,2147
545,13,1,10,160,1524
546,13,1,7,94,1220
547,13,1,5,78,941
548,13,0,5,75,835
549,13,0,8,80,1212
550,13,0,9,97,1424
551,13,0,4,111,1351
552,13,0,7,92,1069
553,13,1,3,71,705
554,13,1,6,75,766
555,13,0,7,125,897
556,13,0,7,132,982
557,13,0,7,157,1279
558,13,0,9,187,1754
559,13,1,20,234,1944
560,13,1,31,397,2804
562,13,0,15,195,1461
561,13,3,27,225,1720
563,13,0,19,197,1523
564,13,0,17,152,1250
565,13,0,14,89,1033
567,13,0,2,91,865
566,13,0,5,136,1037
568,13,0,5,85,1081
569,13,0,5,86,830
570,13,0,3,45,604
571,13,0,4,54,778
572,13,0,8,88,979
574,13,0,4,42,701
573,13,0,3,61,733
575,13,0,2,37,553
576,13,0,1,19,435
577,13,0,0,44,613
578,13,0,0,45,670
579,13,0,4,46,955
580,13,0,2,64,915
581,13,0,3,64,936
582,13,0,0,82,911
583,13,0,2,83,1000
584,13,0,5,59,764
585,13,0,0,58,682
586,13,0,2,56,1065
587,13,0,4,85,1390
588,13,0,5,165,1407
589,13,0,16,155,1870
590,13,0,7,133,1344
591,13,0,12,193,1864
592,13,0,6,127,1363
594,13,0,3,110,1138
593,13,0,2,89,893
595,13,1,1,84,1135
596,13,0,2,79,1181
597,13,0,4,57,830
598,13,0,4,86,1022
599,13,0,2,53,754
601,13,0,2,56,713
600,13,0,2,70,1026
602,13,0,3,84,1010
603,13,0,2,60,796
604,13,0,2,35,526
605,13,0,5,54,777
607,13,0,2,89,953
606,13,0,2,65,978
608,13,0,1,78,997
610,13,0,3,71,812
611,13,0,8,80,952
609,13,0,1,72,799
612,13,0,19,136,1610
613,13,2,13,183,1898
614,13,3,10,298,2800
616,13,0,19,333,3077
615,13,1,29,346,3113
617,13,0,20,415,3803
618,13,0,13,285,2680
619,13,0,14,214,1929
620,13,0,6,116,1399
622,13,0,15,289,2793
621,13,0,11,208,2139
625,13,2,16,199,2297
624,13,1,15,196,2231
623,13,2,22,323,2853
626,13,0,20,168,2042
627,13,0,16,208,2105
628,13,0,20,294,3036
630,13,0,3,140,1524
629,13,1,9,212,2231
631,13,0,5,116,1323
632,13,0,13,155,1885
634,13,1,11,237,2441
633,13,0,16,225,2154
635,13,0,14,210,2169
636,13,0,6,118,1446
637,13,0,6,137,1717
639,13,0,5,80,992
640,13,0,5,60,768
638,13,0,1,71,953
641,13,0,2,37,549
642,13,1,0,55,730
643,13,0,4,65,932
644,13,0,3,156,1549
645,13,0,7,127,1439
646,13,0,8,197,1854
647,13,0,7,164,1616
648,13,0,5,163,1687
650,13,0,19,214,2155
649,13,1,20,235,2422
651,13,1,19,295,2610
652,13,0,25,286,2432
653,13,0,24,258,2427
654,13,0,14,268,2363
655,13,1,39,363,3350
656,13,0,40,433,3452
657,13,1,30,374,2793
658,13,1,25,269,2702
659,13,0,21,210,2144
660,13,0,23,287,2421
662,13,0,9,138,1363
661,13,0,15,202,1756
663,13,0,3,163,1544
665,13,0,6,100,1101
666,13,0,10,94,1055
664,13,0,2,130,1156
667,13,0,8,91,881
668,13,0,6,74,911
669,13,0,1,65,770
671,13,0,2,62,695
670,13,0,1,46,635
672,13,0,6,82,1137
673,13,0,2,86,857
674,13,0,2,85,947
675,13,0,6,131,1426
676,13,0,5,104,1346
677,13,0,4,117,1627
678,13,0,4,75,1158
679,13,0,5,140,1457
681,13,0,1,46,807
680,13,0,3,104,1337
682,13,0,0,59,734
683,13,0,3,84,1186
684,13,0,2,83,1148
685,13,0,4,61,986
686,13,0,1,79,1047
687,13,0,1,56,760
688,13,0,5,60,923
689,13,0,2,94,948
690,13,0,4,77,703
691,13,0,2,114,1256
692,13,0,2,66,722
693,13,0,3,75,733
694,13,0,3,84,904
695,13,0,13,118,1371
696,13,0,4,120,1329
698,13,0,6,73,997
697,13,0,6,85,1166
699,13,1,7,102,1181
700,13,2,7,144,1599
701,13,0,8,90,1110
702,13,0,13,129,1370
703,13,0,2,107,1185
704,13,0,8,108,1200
705,13,1,11,142,1385
706,13,0,15,113,1447
707,13,1,6,108,1093
1,14,0,3,39,480
0,14,0,3,35,456
2,14,0,1,31,416
4,14,0,6,55,574
3,14,0,3,77,790
5,14,0,3,30,483
7,14,0,1,42,411
6,14,1,5,38,575
8,14,0,1,28,333
9,14,0,2,44,560
10,14,1,0,69,649
11,14,0,4,135,870
12,14,0,6,64,698
13,14,1,5,56,744
14,14,0,1,45,547
15,14,0,1,28,431
16,14,0,1,23,363
17,14,0,1,24,272
18,14,0,4,21,302
19,14,0,3,35,468
20,14,1,1,31,437
21,14,0,2,31,437
22,14,0,1,21,340
23,14,0,0,11,208
24,14,0,0,14,187
25,14,0,0,8,136
27,14,0,0,21,163
26,14,0,1,22,212
28,14,0,1,25,218
29,14,0,1,38,321
30,14,0,2,46,482
31,14,0,1,42,525
32,14,0,2,35,457
33,14,0,2,49,432
34,14,0,5,63,540
35,14,0,0,51,393
36,14,0,0,54,465
37,14,0,0,72,790
38,14,0,1,62,640
40,14,0,4,84,805
39,14,0,4,114,876
43,14,0,4,45,452
42,14,0,5,76,722
41,14,0,6,85,680
44,14,0,3,36,338
45,14,1,0,26,254
46,14,0,3,26,311
47,14,0,3,33,381
48,14,0,2,44,447
49,14,0,1,45,374
50,14,0,2,29,350
51,14,0,0,21,271
52,14,0,0,26,319
53,14,0,1,19,322
54,14,0,4,43,582
55,14,0,1,28,378
57,14,0,2,19,347
56,14,0,0,20,292
58,14,0,2,22,394
60,14,0,1,32,358
59,14,0,1,19,310
61,14,0,0,24,381
63,14,0,1,13,335
62,14,0,0,20,333
64,14,0,0,23,497
65,14,0,3,46,695
67,14,0,1,51,502
66,14,0,1,54,558
68,14,0,3,37,465
69,14,0,3,43,437
70,14,1,4,49,512
71,14,1,3,51,621
73,14,0,8,89,845
72,14,0,7,46,512
74,14,0,1,58,757
76,14,0,1,42,584
75,14,0,2,40,599
77,14,0,2,35,404
79,14,0,3,37,313
78,14,0,1,35,309
80,14,0,4,32,331
82,14,0,2,33,291
81,14,0,5,38,439
83,14,0,2,37,350
85,14,0,0,19,175
84,14,0,3,15,226
86,14,0,0,9,175
88,14,0,0,16,254
87,14,0,0,21,214
89,14,0,2,29,419
90,14,0,1,29,245
91,14,0,0,9,207
92,14,0,1,23,278
93,14,0,1,32,417
94,14,0,0,24,298
95,14,0,0,22,280
96,14,0,0,17,281
97,14,0,1,15,207
98,14,0,5,27,342
99,14,0,3,33,342
101,14,0,3,24,287
102,14,0,4,39,373
100,14,0,2,24,282
103,14,0,5,30,391
104,14,0,7,60,525
105,14,1,7,58,612
106,14,1,2,72,686
107,14,1,7,69,726
108,14,1,7,119,611
109,14,1,5,136,743
110,14,1,5,65,847
112,14,0,6,73,721
111,14,1,6,89,1006
113,14,0,7,104,974
115,14,0,6,98,758
114,14,0,7,88,921
116,14,0,3,56,539
118,14,0,1,27,418
117,14,0,2,42,485
119,14,0,4,48,592
120,14,1,11,128,1194
121,14,1,9,98,885
122,14,0,6,59,738
123,14,0,4,78,734
124,14,0,2,78,703
125,14,0,1,48,596
127,14,0,2,44,550
126,14,0,3,61,710
128,14,0,4,46,750
130,14,0,4,44,494
129,14,0,6,41,529
131,14,0,3,45,627
133,14,0,0,27,394
134,14,0,1,23,432
132,14,0,0,28,473
135,14,0,3,31,466
136,14,0,2,15,299
137,14,0,1,13,246
138,14,0,1,44,184
139,14,0,0,39,131
140,14,0,0,11,204
141,14,0,0,7,246
142,14,0,0,14,202
143,14,0,0,18,344
145,14,0,1,30,362
144,14,0,1,31,421
146,14,0,1,53,313
148,14,0,1,17,289
147,14,0,1,48,354
149,14,1,2,41,376
151,14,1,1,43,558
150,14,1,3,48,411
155,14,0,4,62,429
152,14,0,3,72,553
154,14,0,6,62,418
156,14,0,3,20,344
153,14,0,6,68,549
157,14,0,3,13,236
158,14,0,0,16,207
159,14,0,1,8,190
160,14,0,0,21,247
161,14,0,2,33,346
162,14,0,2,22,292
163,14,0,4,25,272
164,14,0,0,21,196
165,14,0,0,15,200
166,14,0,1,11,245
167,14,0,1,13,214
168,14,0,1,13,187
169,14,0,0,15,175
170,14,0,1,21,269
171,14,0,0,15,285
172,14,0,1,28,480
173,14,0,3,53,590
174,14,0,1,32,403
175,14,0,2,20,272
176,14,0,3,24,353
177,14,0,1,45,613
178,14,0,3,66,695
180,14,0,1,63,651
179,14,0,7,74,929
181,14,0,8,124,1030
182,14,0,6,102,1072
183,14,0,2,75,827
184,14,0,5,77,775
185,14,0,2,54,697
186,14,0,0,34,502
187,14,0,2,44,543
188,14,0,2,55,607
189,14,0,2,50,435
190,14,0,2,35,479
191,14,0,1,19,351
192,14,0,0,40,446
193,14,0,1,53,600
194,14,0,3,63,725
195,14,0,3,42,528
196,14,0,3,41,583
197,14,0,1,52,565
198,14,0,1,51,540
199,14,0,0,48,564
200,14,0,7,59,763
201,14,0,3,59,506
202,14,0,7,96,761
203,14,0,8,79,914
204,14,0,5,69,775
205,14,1,6,119,1238
207,14,0,7,121,964
206,14,0,9,116,1070
208,14,0,2,75,722
209,14,0,5,56,753
212,14,0,1,25,350
210,14,0,3,45,427
211,14,0,4,40,457
213,14,0,2,50,531
214,14,0,1,24,341
215,14,0,4,21,327
217,14,0,0,19,302
216,14,0,2,21,316
218,14,0,0,22,286
219,14,0,0,15,289
220,14,0,1,19,266
221,14,0,1,29,274
222,14,0,8,29,490
223,14,0,6,51,690
224,14,0,4,102,1118
225,14,0,4,71,748
226,14,0,6,80,954
227,14,0,0,64,660
228,14,0,4,83,959
229,14,0,5,147,1041
230,14,0,3,62,767
231,14,0,3,97,916
232,14,1,0,75,733
233,14,0,3,73,803
234,14,0,5,91,949
235,14,0,3,66,655
237,14,0,0,30,443
236,14,0,0,43,521
238,14,0,2,41,493
239,14,0,1,45,650
240,14,0,1,104,962
241,14,0,8,178,1435
242,14,0,11,170,1507
243,14,0,9,138,1194
245,14,0,2,79,910
244,14,0,5,120,1152
247,14,0,4,57,700
246,14,0,4,49,646
248,14,0,2,65,708
250,14,0,1,44,582
251,14,0,0,25,397
249,14,0,3,65,908
253,14,0,1,31,432
254,14,0,0,32,345
252,14,0,2,29,404
255,14,0,2,21,358
256,14,0,2,40,414
257,14,0,4,56,574
259,14,0,5,19,287
258,14,0,3,37,371
260,14,0,4,25,367
261,14,0,2,29,400
262,14,0,1,40,288
263,14,0,1,23,202
264,14,0,3,19,254
265,14,0,2,22,220
266,14,0,0,22,189
267,14,0,1,11,227
269,14,0,1,10,205
268,14,0,0,21,341
270,14,0,0,17,280
271,14,0,2,15,234
272,14,0,2,27,370
273,14,0,1,22,347
275,14,0,2,45,478
274,14,0,1,37,453
276,14,0,3,30,518
277,14,0,2,54,647
278,14,0,5,43,632
279,14,1,5,70,862
281,14,0,2,57,655
280,14,0,6,69,813
282,14,0,4,27,478
284,14,0,0,31,426
283,14,0,2,42,519
285,14,0,3,57,493
286,14,0,3,53,485
287,14,0,7,51,521
288,14,0,2,48,496
289,14,0,2,34,338
290,14,0,3,30,395
292,14,0,1,41,522
291,14,0,5,51,569
293,14,0,0,41,537
295,14,0,0,45,525
294,14,0,3,51,775
296,14,0,2,48,599
298,14,0,3,52,675
299,14,0,5,76,761
297,14,0,1,45,510
301,14,0,2,20,283
300,14,0,3,69,559
302,14,0,2,10,207
303,14,0,0,17,246
304,14,0,0,24,307
305,14,0,1,47,234
306,14,0,1,38,241
307,14,0,0,39,280
308,14,0,0,14,273
309,14,0,0,16,295
310,14,0,0,23,375
311,14,0,0,19,337
314,14,0,2,19,329
313,14,0,0,17,285
312,14,0,0,16,244
317,14,0,0,26,476
315,14,0,2,16,355
316,14,0,1,36,563
318,14,0,1,54,674
319,14,0,3,68,773
320,14,0,0,46,717
321,14,0,0,16,403
322,14,0,2,13,312
323,14,0,2,17,394
324,14,0,2,21,405
325,14,0,5,68,749
326,14,0,5,75,874
327,14,2,1,76,738
328,14,0,7,55,754
329,14,0,3,61,734
330,14,0,0,74,854
331,14,0,2,92,1066
332,14,0,2,58,723
334,14,0,1,36,537
333,14,0,1,44,476
335,14,0,0,31,488
337,14,0,3,41,578
338,14,0,1,39,477
336,14,0,1,64,703
341,14,0,0,15,208
339,14,0,0,25,350
340,14,0,1,24,320
343,14,0,2,28,352
342,14,0,1,19,349
344,14,0,0,20,217
345,14,0,0,12,184
346,14,0,1,18,274
347,14,0,2,34,352
349,14,0,0,43,507
348,14,0,3,38,527
350,14,0,0,21,348
352,14,0,0,12,171
351,14,0,1,19,225
353,14,0,0,14,263
354,14,0,0,11,257
355,14,0,0,12,206
356,14,0,0,13,203
357,14,0,0,23,255
358,14,0,1,30,391
359,14,0,1,26,338
361,14,0,0,28,348
360,14,0,2,34,417
362,14,0,0,13,325
363,14,0,0,22,389
364,14,0,2,42,466
365,14,1,3,54,540
367,14,0,3,34,485
366,14,0,3,35,515
368,14,0,1,47,520
370,14,0,2,70,859
369,14,0,6,74,797
373,14,0,2,27,477
371,14,0,5,47,567
372,14,0,5,62,650
374,14,0,4,44,477
376,14,0,1,39,394
375,14,0,0,46,467
378,14,0,3,42,545
377,14,0,0,30,342
379,14,0,0,28,406
380,14,0,1,30,479
382,14,0,3,65,805
381,14,0,2,59,717
383,14,0,6,83,1077
384,14,0,10,114,1240
385,14,0,10,109,1259
386,14,0,8,105,1058
387,14,0,9,104,1049
388,14,0,4,125,1186
389,14,0,9,127,1235
391,14,0,12,133,1360
390,14,0,11,199,1561
392,14,0,7,113,1082
394,14,0,11,184,1622
393,14,0,11,190,1388
395,14,0,4,79,916
397,14,0,3,57,624
396,14,0,5,70,854
398,14,0,1,34,525
400,14,0,0,16,210
399,14,0,1,19,315
401,14,0,0,7,202
403,14,0,0,30,284
402,14,0,0,26,304
404,14,0,0,26,227
406,14,0,2,15,303
405,14,0,2,7,269
407,14,0,1,20,191
409,14,0,1,47,321
408,14,0,0,18,207
410,14,0,0,18,296
411,14,0,0,39,448
412,14,0,0,22,310
413,14,0,1,26,338
415,14,0,5,66,662
414,14,0,2,41,428
416,14,0,5,61,567
417,14,0,6,63,817
418,14,0,4,56,670
419,14,0,3,44,547
420,14,0,4,36,507
421,14,0,3,57,686
422,14,0,5,57,813
423,14,0,6,94,932
424,14,0,3,69,873
425,14,0,3,58,683
426,14,0,3,55,701
427,14,0,3,43,642
429,14,0,2,50,497
428,14,0,0,29,332
430,14,0,0,37,431
431,14,0,1,29,358
432,14,0,2,28,358
433,14,0,1,26,309
434,14,0,0,25,294
435,14,0,2,26,305
436,14,0,0,19,218
437,14,0,0,16,185
438,14,0,0,12,244
439,14,0,1,11,181
440,14,0,1,22,301
441,14,0,1,23,328
442,14,0,2,44,604
443,14,0,3,42,522
444,14,0,2,34,480
446,14,0,2,19,317
445,14,0,0,37,426
447,14,0,0,22,221
449,14,0,0,14,336
448,14,0,0,21,360
450,14,0,0,24,456
451,14,0,0,28,377
452,14,0,3,44,403
454,14,0,2,76,811
453,14,0,3,53,725
455,14,0,0,42,464
457,14,0,1,61,667
456,14,0,2,39,551
458,14,0,4,91,1003
459,14,0,3,110,1038
460,14,1,6,94,975
461,14,0,13,137,1542
462,14,0,18,230,2211
463,14,1,9,221,1953
464,14,0,8,123,1309
466,14,0,3,97,1212
465,14,0,5,110,1269
467,14,0,7,106,1314
468,14,0,3,80,1072
471,14,0,1,82,1083
469,14,0,6,120,1323
470,14,0,1,83,1116
472,14,0,1,73,905
473,14,0,1,50,681
476,14,0,0,15,316
475,14,0,0,23,316
474,14,0,1,60,601
477,14,0,2,41,661
478,14,0,2,53,728
479,14,1,7,72,905
481,14,1,4,79,872
480,14,1,0,80,894
482,14,1,5,72,894
484,14,0,9,102,1271
483,14,0,6,96,1156
485,14,0,5,95,1256
486,14,0,2,64,966
487,14,0,3,78,955
488,14,0,9,131,1571
491,14,0,4,63,577
489,14,0,8,141,1458
490,14,0,2,111,913
494,14,0,3,56,583
492,14,0,5,60,694
493,14,0,0,41,441
495,14,0,5,100,1007
498,14,0,1,24,285
496,14,0,2,53,609
499,14,0,1,13,234
497,14,0,1,26,318
500,14,0,1,11,160
501,14,0,1,16,214
502,14,0,0,14,229
503,14,0,2,24,295
504,14,0,2,50,554
505,14,0,10,75,849
506,14,0,8,81,727
507,14,0,6,47,589
508,14,0,3,31,375
509,14,0,5,19,299
510,14,0,1,29,315
511,14,0,1,40,427
512,14,0,2,42,455
513,14,0,4,58,553
514,14,0,4,68,556
515,14,0,0,37,352
516,14,0,0,35,413
517,14,0,0,48,538
518,14,0,0,27,348
519,14,0,0,19,259
520,14,0,2,26,361
521,14,0,0,27,343
522,14,0,3,36,457
524,14,0,1,30,339
523,14,0,2,26,371
525,14,0,0,21,401
526,14,0,0,45,432
527,14,0,0,24,294
528,14,0,1,32,318
529,14,0,5,41,397
530,14,0,4,30,324
531,14,0,5,20,264
532,14,0,5,36,468
533,14,0,5,22,335
534,14,0,4,28,343
535,14,0,2,29,288
536,14,0,0,30,320
537,14,0,0,53,633
538,14,0,1,81,1000
539,14,0,5,83,873
540,14,0,3,101,1058
541,14,1,3,67,870
543,14,1,3,49,580
542,14,1,2,75,876
544,14,1,4,47,673
545,14,0,3,31,390
546,14,1,2,23,258
547,14,0,2,28,306
548,14,0,1,24,274
549,14,0,3,25,391
551,14,0,3,24,391
550,14,0,1,44,526
552,14,0,2,26,278
553,14,1,2,21,261
554,14,0,3,27,289
555,14,0,2,65,353
556,14,0,1,34,409
557,14,0,4,40,521
559,14,0,9,113,892
558,14,0,1,62,485
560,14,0,7,85,726
562,14,0,6,83,577
561,14,0,7,74,587
563,14,0,9,64,616
564,14,0,10,30,418
565,14,0,3,37,282
566,14,0,1,31,349
567,14,0,1,32,332
569,14,0,1,19,253
568,14,0,1,27,307
570,14,0,3,13,233
571,14,0,1,17,230
572,14,0,2,23,272
573,14,0,2,18,205
574,14,0,2,7,147
575,14,0,1,5,108
576,14,0,0,7,165
577,14,0,0,13,230
578,14,0,0,11,173
580,14,0,0,25,290
579,14,0,2,18,312
581,14,0,0,14,204
582,14,0,0,34,359
583,14,0,1,17,238
584,14,0,0,18,266
585,14,0,0,9,221
586,14,0,0,17,284
587,14,0,2,24,402
588,14,0,1,45,534
589,14,0,1,57,489
590,14,0,2,59,490
592,14,0,0,26,387
591,14,0,3,51,547
594,14,0,1,22,297
593,14,0,1,25,380
595,14,0,1,33,504
596,14,0,0,14,266
597,14,0,1,24,301
598,14,0,2,9,274
599,14,0,0,16,215
600,14,0,0,18,248
601,14,0,1,11,244
602,14,0,1,19,335
604,14,0,2,13,208
603,14,0,1,9,212
605,14,0,2,18,220
607,14,0,1,20,294
608,14,0,0,31,270
606,14,0,1,21,353
609,14,0,0,17,215
610,14,0,2,27,308
611,14,0,5,36,425
612,14,0,6,62,646
613,14,2,5,76,787
614,14,0,6,74,798
616,14,0,5,112,1044
615,14,0,10,142,1342
617,14,0,4,81,1064
618,14,0,4,62,751
619,14,0,1,38,544
620,14,0,1,43,565
622,14,0,7,76,928
621,14,0,8,92,908
625,14,0,12,77,903
624,14,1,10,76,939
623,14,1,3,82,889
626,14,0,5,68,822
627,14,0,8,81,960
628,14,0,5,73,863
630,14,0,0,19,335
629,14,0,1,50,540
631,14,0,0,42,424
632,14,0,4,47,575
633,14,0,9,83,1001
634,14,0,5,66,931
635,14,0,3,43,532
636,14,0,1,48,559
637,14,0,0,27,369
639,14,0,1,24,313
640,14,0,1,16,209
638,14,0,1,25,381
641,14,0,1,12,182
642,14,0,1,11,231
643,14,0,0,30,361
644,14,0,1,48,510
645,14,0,2,48,568
646,14,0,1,50,619
647,14,0,2,41,587
648,14,0,3,65,685
649,14,0,6,76,794
650,14,0,5,70,661
651,14,0,8,112,1003
652,14,0,6,109,943
653,14,0,5,78,739
654,14,0,3,112,947
655,14,0,16,142,1328
656,14,0,15,143,1139
657,14,0,9,107,1058
658,14,0,7,71,722
659,14,0,10,89,878
660,14,0,2,74,668
661,14,0,3,57,520
662,14,0,2,47,435
663,14,0,0,41,448
665,14,0,3,39,387
664,14,0,1,42,480
666,14,0,4,30,284
668,14,0,1,24,294
667,14,0,1,27,312
669,14,0,0,8,201
670,14,0,0,13,193
671,14,0,0,22,288
672,14,0,0,22,341
673,14,0,0,29,272
674,14,0,0,26,375
675,14,0,2,33,381
676,14,0,1,26,436
677,14,0,1,25,382
678,14,0,3,17,453
679,14,0,0,25,374
681,14,0,0,7,212
680,14,0,0,24,289
682,14,0,0,22,325
683,14,0,1,30,478
684,14,0,2,18,346
685,14,0,0,15,276
687,14,0,1,23,304
686,14,0,0,19,301
688,14,0,0,14,228
689,14,0,1,19,250
690,14,0,0,23,322
691,14,0,0,15,316
692,14,0,0,15,179
693,14,0,1,35,262
694,14,0,1,30,363
695,14,0,1,50,443
696,14,0,2,31,390
697,14,0,5,31,390
698,14,0,1,27,327
699,14,0,4,45,519
700,14,0,5,41,453
701,14,0,1,33,324
702,14,0,1,33,355
704,14,0,2,34,397
703,14,0,2,40,462
705,14,0,4,30,391
706,14,0,3,44,397
1,15,0,1,9,143
0,15,0,2,11,187
2,15,0,1,13,183
3,15,0,1,15,196
4,15,0,1,10,129
5,15,0,3,8,133
7,15,0,0,12,123
6,15,0,1,17,177
8,15,0,0,12,124
10,15,0,1,15,261
9,15,0,1,12,204
11,15,0,2,22,273
12,15,0,2,19,227
13,15,0,1,23,217
15,15,0,0,8,117
14,15,0,0,8,152
16,15,0,0,8,95
17,15,0,0,11,109
18,15,0,1,11,114
19,15,0,2,5,151
20,15,0,1,7,146
21,15,0,0,12,132
22,15,0,0,3,68
24,15,0,0,2,54
23,15,0,0,2,62
25,15,0,0,2,57
26,15,0,0,9,66
27,15,0,0,4,66
28,15,0,0,6,90
29,15,0,1,11,136
30,15,0,0,13,130
32,15,0,2,12,151
31,15,0,0,13,180
33,15,0,1,17,162
34,15,0,0,15,164
35,15,0,0,17,171
36,15,0,0,19,203
37,15,0,0,9,195
38,15,0,1,22,246
40,15,0,1,35,248
39,15,0,0,34,325
41,15,0,0,30,271
42,15,0,1,21,157
43,15,0,1,17,138
44,15,0,1,5,99
45,15,0,1,5,103
46,15,0,1,6,88
47,15,0,1,18,179
49,15,0,0,18,141
48,15,0,0,18,147
50,15,0,0,9,96
51,15,0,0,1,75
52,15,0,0,10,106
54,15,0,0,11,135
55,15,0,0,10,119
53,15,0,0,7,145
56,15,0,0,4,73
57,15,0,1,8,127
58,15,0,1,2,78
60,15,0,0,9,121
59,15,0,1,9,140
61,15,0,0,6,126
62,15,0,0,6,112
64,15,0,0,8,126
63,15,0,0,3,115
65,15,0,1,13,232
67,15,0,1,13,151
68,15,0,1,8,103
66,15,0,0,19,185
70,15,0,3,18,167
69,15,0,3,12,165
71,15,0,4,18,150
73,15,0,1,17,291
72,15,0,3,14,232
74,15,0,0,7,199
76,15,0,0,11,157
77,15,0,1,5,128
79,15,0,0,14,123
75,15,0,0,13,233
78,15,0,0,13,110
80,15,0,0,11,115
82,15,0,1,10,102
81,15,0,1,8,89
83,15,0,0,8,105
84,15,0,0,5,50
85,15,0,0,3,62
86,15,0,0,6,72
88,15,0,0,2,95
87,15,0,0,7,103
89,15,0,1,7,89
90,15,0,0,4,76
91,15,0,0,5,66
92,15,0,0,9,162
93,15,0,0,8,135
95,15,0,0,3,57
94,15,0,0,10,124
96,15,0,0,3,76
97,15,0,1,9,80
98,15,0,1,7,90
99,15,0,1,9,105
100,15,0,0,11,125
101,15,0,1,10,123
102,15,0,1,14,132
103,15,0,2,16,145
104,15,0,2,15,180
105,15,1,0,19,259
106,15,0,3,21,269
107,15,1,3,34,336
108,15,1,2,22,319
109,15,0,2,19,267
110,15,1,2,27,358
111,15,0,3,21,272
112,15,0,0,31,277
113,15,0,2,21,263
115,15,0,2,19,212
114,15,0,4,26,341
116,15,0,0,20,190
117,15,0,0,10,143
118,15,0,1,7,182
119,15,0,3,29,262
121,15,0,2,22,295
120,15,1,1,47,399
122,15,0,2,26,311
124,15,0,0,21,203
123,15,0,1,26,256
125,15,0,0,17,262
127,15,0,0,8,183
126,15,0,0,15,199
128,15,0,1,12,176
129,15,0,0,16,125
130,15,0,1,19,193
133,15,0,0,10,134
131,15,0,0,6,151
132,15,0,0,6,163
134,15,0,0,6,141
136,15,0,1,5,66
135,15,0,0,10,95
137,15,0,0,4,88
138,15,0,0,35,51
139,15,0,0,2,81
140,15,0,0,1,61
142,15,0,0,3,64
141,15,0,0,1,68
143,15,0,0,10,104
145,15,0,0,7,105
144,15,0,0,6,135
146,15,0,1,26,101
147,15,0,0,8,132
148,15,0,1,4,95
149,15,1,0,11,121
150,15,1,0,16,176
151,15,0,1,5,159
152,15,0,1,37,168
153,15,0,3,44,174
154,15,0,3,37,164
156,15,0,0,7,84
155,15,0,1,6,137
157,15,0,0,5,58
158,15,0,0,2,69
159,15,0,0,3,74
160,15,0,0,10,96
161,15,0,0,10,88
162,15,0,0,7,71
163,15,0,0,8,78
164,15,0,0,6,63
165,15,0,0,2,59
166,15,0,1,2,41
167,15,0,1,3,66
168,15,0,0,4,67
169,15,0,0,5,67
170,15,0,0,5,73
171,15,0,0,2,133
173,15,0,1,11,189
172,15,0,1,11,223
174,15,0,0,10,100
175,15,0,0,9,89
176,15,0,0,11,120
177,15,0,0,13,176
178,15,0,2,31,322
179,15,0,0,18,237
180,15,0,1,23,290
181,15,0,1,32,333
182,15,0,0,28,310
183,15,0,1,24,298
184,15,0,0,14,215
185,15,0,0,11,202
186,15,0,0,9,180
187,15,0,0,15,163
188,15,0,1,15,191
189,15,0,1,17,183
190,15,0,0,5,105
191,15,0,0,3,124
192,15,0,0,14,188
193,15,0,0,17,174
194,15,0,1,16,214
195,15,0,1,12,176
196,15,0,0,10,205
197,15,0,0,26,195
198,15,0,0,11,168
199,15,0,0,15,203
200,15,0,1,17,215
201,15,0,3,16,192
202,15,0,4,42,325
203,15,0,1,33,249
204,15,0,3,30,350
205,15,0,4,36,414
207,15,0,1,31,281
206,15,0,1,51,366
208,15,0,0,19,192
209,15,0,2,13,181
210,15,0,2,17,183
211,15,0,1,11,124
212,15,0,0,12,139
213,15,0,0,9,113
214,15,0,0,8,66
215,15,0,0,12,135
216,15,0,0,8,113
217,15,0,0,5,73
218,15,0,0,3,102
219,15,0,0,3,66
220,15,0,1,3,127
221,15,0,0,13,110
222,15,0,3,14,169
223,15,0,3,14,318
224,15,0,1,24,323
225,15,0,1,18,227
226,15,0,0,18,299
227,15,0,0,17,290
228,15,0,1,26,289
229,15,0,1,25,341
230,15,0,0,26,281
231,15,0,1,22,296
233,15,0,1,21,312
232,15,0,1,21,280
234,15,0,0,24,260
235,15,0,0,19,217
237,15,0,0,10,158
236,15,0,0,10,190
238,15,0,0,15,153
239,15,0,0,15,249
240,15,0,0,35,389
241,15,0,1,66,608
242,15,0,1,47,500
243,15,0,0,35,383
244,15,0,0,35,364
245,15,0,1,15,226
247,15,0,0,16,241
246,15,0,0,19,237
248,15,0,0,16,232
249,15,0,0,16,219
251,15,0,0,2,109
250,15,0,0,10,130
252,15,0,0,16,153
253,15,0,0,11,116
254,15,0,0,10,143
256,15,0,1,12,166
255,15,0,0,11,146
257,15,0,1,11,141
258,15,0,1,8,97
259,15,0,1,11,90
260,15,0,0,11,112
262,15,0,1,9,74
263,15,0,0,8,74
261,15,0,1,9,134
264,15,0,2,4,75
265,15,0,0,3,57
266,15,0,0,5,88
267,15,0,0,1,108
269,15,0,0,5,86
268,15,0,0,3,100
270,15,0,0,6,59
272,15,0,0,7,94
271,15,0,1,8,95
273,15,0,1,8,131
275,15,0,0,8,87
274,15,0,0,17,199
276,15,0,0,11,156
277,15,0,0,17,223
278,15,0,2,16,223
279,15,0,3,15,217
281,15,0,2,13,154
280,15,0,1,24,321
282,15,0,1,11,110
284,15,0,0,12,154
283,15,0,0,10,156
285,15,0,1,26,196
286,15,0,3,13,161
287,15,0,2,21,190
289,15,0,0,12,111
288,15,0,0,8,140
290,15,0,0,23,200
292,15,0,0,9,190
291,15,0,1,14,215
293,15,0,0,13,229
295,15,0,0,7,179
294,15,0,0,12,203
296,15,0,0,13,126
298,15,0,1,22,291
297,15,0,0,18,216
299,15,0,2,16,182
301,15,0,2,3,64
300,15,0,1,10,127
302,15,0,0,5,49
303,15,0,0,10,103
304,15,0,0,8,109
305,15,0,0,30,93
306,15,0,0,29,86
307,15,0,0,5,109
308,15,0,0,3,67
310,15,0,0,5,76
309,15,0,0,5,99
311,15,0,0,4,70
312,15,0,0,6,98
314,15,0,1,6,70
313,15,0,0,4,58
315,15,0,1,6,161
316,15,0,0,9,153
317,15,0,0,11,156
320,15,0,0,9,164
318,15,0,0,23,333
321,15,0,0,4,99
319,15,0,0,20,266
322,15,0,1,2,90
323,15,0,1,8,187
324,15,0,1,14,175
325,15,0,0,17,214
326,15,0,2,24,299
328,15,0,1,12,193
327,15,0,3,13,205
329,15,0,0,24,328
332,15,0,0,14,171
331,15,0,0,31,308
330,15,0,0,23,350
333,15,0,0,7,140
334,15,0,0,5,129
335,15,0,0,9,201
337,15,0,0,13,190
338,15,0,0,7,130
336,15,0,0,20,220
340,15,0,0,5,62
339,15,0,0,7,133
341,15,0,0,3,70
343,15,0,0,6,106
342,15,0,0,10,121
344,15,0,0,2,69
345,15,0,0,3,72
346,15,0,0,8,83
347,15,0,0,12,129
349,15,0,0,6,105
350,15,0,0,3,62
348,15,0,0,13,183
352,15,0,0,1,63
351,15,0,0,3,61
353,15,0,0,4,64
355,15,0,0,2,46
354,15,0,0,4,49
356,15,0,0,5,86
357,15,0,0,8,115
358,15,0,1,4,134
359,15,0,0,13,118
360,15,0,0,10,145
361,15,0,0,3,116
362,15,0,0,3,144
363,15,0,0,5,109
364,15,0,1,13,121
365,15,0,1,12,135
367,15,0,0,15,149
366,15,0,2,9,185
368,15,0,0,20,176
370,15,0,2,19,206
369,15,0,0,20,301
373,15,0,0,9,143
372,15,0,1,13,138
371,15,0,1,21,237
376,15,0,0,10,149
374,15,0,0,18,183
375,15,0,0,18,174
377,15,0,0,9,114
379,15,0,0,6,119
378,15,0,0,9,145
380,15,0,0,20,209
382,15,0,1,15,230
381,15,0,0,23,295
383,15,0,1,46,513
385,15,0,2,48,433
384,15,0,5,39,408
386,15,0,2,33,298
388,15,0,3,41,436
389,15,0,3,58,545
387,15,0,1,46,420
391,15,0,4,38,527
390,15,0,3,65,577
392,15,0,3,36,385
393,15,0,5,77,622
394,15,0,1,38,407
395,15,0,0,28,257
397,15,0,0,13,189
396,15,0,0,12,227
398,15,0,0,8,133
399,15,0,0,2,88
400,15,0,0,3,39
401,15,0,0,4,75
403,15,0,0,5,108
402,15,0,0,8,105
404,15,0,0,6,82
406,15,0,0,3,78
405,15,0,1,2,117
407,15,0,0,14,63
409,15,0,0,4,115
408,15,0,0,14,96
410,15,0,0,6,97
411,15,0,0,5,82
412,15,0,0,6,98
413,15,0,1,12,110
415,15,0,2,19,226
414,15,0,2,18,165
416,15,0,0,27,218
417,15,0,2,20,279
418,15,0,2,15,254
419,15,0,0,18,192
420,15,0,1,11,140
421,15,0,1,20,260
422,15,0,3,24,307
423,15,0,1,19,258
424,15,0,0,25,265
425,15,0,0,13,169
426,15,0,0,10,144
427,15,0,0,11,136
429,15,0,0,15,160
428,15,0,0,8,156
430,15,0,0,10,153
431,15,0,0,11,136
433,15,0,0,13,88
432,15,0,1,12,110
434,15,0,0,8,73
435,15,0,0,6,91
436,15,0,0,6,56
437,15,0,0,5,51
438,15,0,0,3,62
439,15,0,0,6,61
440,15,0,0,9,76
441,15,0,0,11,122
443,15,0,1,8,138
442,15,0,0,19,204
446,15,0,0,5,90
444,15,0,0,13,169
445,15,0,0,7,131
447,15,0,0,8,62
448,15,0,0,2,138
449,15,0,0,4,97
450,15,0,0,2,102
451,15,0,0,17,141
452,15,0,0,15,179
454,15,0,0,11,164
453,15,0,0,21,343
455,15,0,0,12,183
456,15,0,0,12,246
457,15,0,0,21,263
458,15,0,0,40,393
459,15,0,2,29,293
460,15,0,3,38,369
461,15,0,7,74,748
462,15,0,3,40,568
463,15,0,1,49,527
464,15,0,2,20,363
465,15,0,1,43,458
466,15,0,1,38,539
467,15,0,0,28,368
468,15,0,1,23,359
469,15,0,0,30,459
472,15,0,0,19,300
473,15,0,0,8,161
470,15,0,1,21,407
471,15,0,0,32,395
474,15,0,0,10,124
475,15,0,0,2,130
476,15,0,0,5,128
477,15,0,1,10,215
478,15,0,2,17,235
479,15,1,0,29,339
481,15,1,1,28,290
480,15,1,0,26,322
482,15,0,3,25,349
484,15,0,4,39,562
483,15,0,3,41,493
485,15,0,2,20,357
486,15,0,0,9,222
487,15,0,1,35,378
488,15,0,1,36,421
490,15,0,0,29,243
491,15,0,2,20,259
489,15,0,1,40,373
492,15,0,0,15,167
494,15,0,0,21,252
493,15,0,0,18,176
495,15,0,0,22,252
496,15,0,0,10,135
498,15,0,0,5,86
499,15,0,0,5,44
497,15,0,0,11,94
500,15,0,1,4,72
501,15,0,0,6,75
502,15,0,0,4,73
503,15,0,0,12,147
504,15,0,1,18,169
505,15,0,1,39,317
506,15,0,1,23,175
507,15,0,2,10,139
508,15,0,1,11,105
509,15,0,1,6,74
510,15,0,0,9,137
511,15,0,0,12,149
512,15,0,1,12,136
513,15,0,3,21,241
514,15,0,0,14,146
515,15,0,0,14,120
516,15,0,0,13,171
517,15,0,0,6,152
518,15,0,0,4,100
519,15,0,0,3,110
520,15,0,0,10,84
521,15,0,0,6,90
522,15,0,0,7,121
523,15,0,0,4,110
524,15,0,0,10,148
525,15,0,0,4,133
526,15,0,0,9,120
527,15,0,0,14,108
528,15,0,1,14,113
529,15,0,1,15,141
530,15,0,3,8,106
531,15,0,3,7,108
532,15,0,2,9,125
533,15,0,3,11,142
534,15,0,1,7,76
535,15,0,0,10,85
536,15,0,0,11,146
537,15,0,0,9,251
538,15,0,1,25,373
539,15,0,1,34,361
540,15,0,1,15,271
542,15,1,0,19,187
543,15,1,1,14,176
541,15,1,0,23,377
544,15,0,2,10,145
546,15,0,1,11,89
545,15,0,2,5,88
547,15,0,0,10,101
548,15,0,0,9,99
549,15,0,1,10,152
550,15,0,1,10,158
553,15,0,1,11,86
551,15,0,1,6,107
552,15,0,2,7,113
554,15,0,1,12,123
555,15,0,0,14,161
556,15,0,1,15,137
557,15,0,0,18,122
558,15,0,0,23,252
559,15,0,0,26,228
560,15,0,1,20,259
561,15,0,4,37,225
562,15,0,4,26,222
563,15,0,3,20,188
564,15,0,1,19,115
565,15,0,0,10,91
566,15,0,0,10,120
567,15,0,0,7,106
568,15,0,0,5,82
569,15,0,1,6,97
570,15,0,1,5,60
571,15,0,1,2,63
572,15,0,1,8,67
573,15,0,1,4,42
574,15,0,1,1,33
575,15,0,0,2,46
576,15,0,0,4,61
577,15,0,0,3,63
578,15,0,0,5,60
580,15,0,0,3,69
579,15,0,0,8,105
581,15,0,0,6,87
583,15,0,0,4,64
582,15,0,0,7,93
584,15,0,0,3,74
585,15,0,0,1,64
586,15,0,0,5,95
587,15,0,1,8,128
588,15,0,0,10,141
589,15,0,1,28,187
590,15,0,1,14,144
591,15,0,0,8,144
592,15,0,0,9,146
593,15,0,1,4,102
594,15,0,0,11,108
595,15,0,0,7,131
596,15,0,0,6,89
597,15,0,1,4,72
598,15,0,0,5,56
599,15,0,0,1,68
601,15,0,0,4,62
600,15,0,0,5,75
602,15,0,0,4,93
604,15,0,2,1,67
603,15,0,1,4,82
605,15,0,1,6,78
607,15,0,0,9,79
608,15,0,0,8,68
606,15,0,0,5,117
609,15,0,0,8,78
610,15,0,1,14,129
611,15,0,2,14,176
613,15,0,3,20,223
612,15,0,4,33,245
614,15,0,3,30,341
616,15,0,2,23,275
615,15,0,1,46,486
618,15,0,0,10,181
617,15,0,1,19,256
619,15,0,0,11,211
620,15,0,1,23,247
621,15,0,5,32,271
622,15,0,1,22,263
623,15,1,1,38,372
624,15,0,7,36,347
625,15,0,3,31,378
627,15,0,3,21,239
628,15,0,0,14,210
626,15,0,2,34,367
630,15,0,0,5,95
629,15,0,0,6,117
631,15,0,0,11,126
632,15,0,3,20,231
633,15,0,4,31,325
634,15,0,1,11,197
635,15,0,0,19,208
636,15,0,0,11,106
637,15,0,0,13,145
639,15,0,0,5,88
640,15,0,1,3,72
638,15,0,0,7,120
641,15,0,0,4,50
642,15,0,0,5,81
643,15,0,0,6,123
644,15,0,0,20,208
645,15,0,0,10,177
646,15,0,0,17,180
647,15,0,1,17,231
648,15,0,1,22,210
649,15,0,0,28,244
650,15,0,2,25,259
651,15,0,2,40,394
652,15,0,1,38,291
653,15,0,0,29,320
654,15,0,0,41,391
655,15,0,6,43,453
656,15,0,4,44,397
657,15,0,1,30,279
658,15,0,2,33,297
659,15,0,1,21,229
662,15,0,0,11,138
660,15,0,0,16,205
661,15,0,1,17,203
663,15,0,0,14,196
664,15,0,0,18,185
665,15,0,1,13,105
666,15,0,0,12,98
668,15,0,0,1,87
667,15,0,0,8,100
669,15,0,0,1,61
671,15,0,0,3,83
670,15,0,0,3,65
672,15,0,0,7,106
673,15,0,0,6,119
674,15,0,0,5,91
675,15,0,0,10,125
676,15,0,0,6,107
678,15,0,0,4,102
677,15,0,1,6,145
679,15,0,0,3,92
681,15,0,0,3,92
680,15,0,0,4,74
682,15,0,0,7,129
684,15,0,0,4,98
683,15,0,1,8,131
685,15,0,0,2,82
687,15,0,0,4,78
686,15,0,0,6,114
688,15,0,0,2,53
689,15,0,0,5,108
690,15,0,0,0,73
692,15,0,0,4,77
691,15,0,0,3,65
693,15,0,0,16,112
694,15,0,0,8,114
695,15,0,0,17,127
696,15,0,2,14,126
697,15,0,1,13,155
698,15,0,0,11,141
699,15,0,0,19,160
701,15,0,0,7,80
700,15,0,1,17,136
0,16,0,1,1,58
1,16,0,1,4,76
702,15,0,1,14,124
2,16,0,1,0,46
704,15,0,1,4,104
3,16,0,0,2,34
703,15,0,0,11,163
4,16,0,1,5,34
705,15,0,1,10,115
5,16,0,0,6,36
6,16,0,0,3,57
7,16,0,0,4,41
8,16,0,0,3,40
9,16,0,0,1,77
10,16,0,0,6,47
11,16,0,2,7,74
12,16,0,0,6,94
13,16,0,0,5,62
14,16,0,0,1,33
15,16,0,0,3,23
16,16,0,0,2,38
17,16,0,0,3,41
18,16,0,1,1,30
19,16,0,0,5,39
20,16,0,0,2,39
21,16,0,0,1,29
22,16,0,0,0,19
23,16,0,0,1,13
24,16,0,0,0,23
25,16,0,0,0,15
26,16,0,0,2,28
27,16,0,0,1,19
28,16,0,0,1,35
29,16,0,0,3,36
30,16,0,0,2,47
31,16,0,0,6,57
32,16,0,1,6,55
33,16,0,0,2,48
34,16,0,0,7,61
35,16,0,0,6,65
36,16,0,0,5,46
37,16,0,0,4,66
38,16,0,0,11,67
39,16,0,0,9,107
40,16,0,0,9,102
41,16,0,0,2,73
42,16,0,1,5,64
43,16,0,0,3,46
44,16,0,0,2,28
45,16,0,0,3,27
46,16,0,0,3,46
47,16,0,0,7,71
48,16,0,0,8,62
49,16,0,0,3,45
50,16,0,0,0,32
51,16,0,0,1,22
52,16,0,0,4,49
53,16,0,0,0,38
54,16,0,0,1,58
55,16,0,0,3,28
56,16,0,0,3,30
57,16,0,0,3,16
58,16,0,1,1,36
59,16,0,0,3,44
60,16,0,0,2,39
61,16,0,0,2,45
62,16,0,0,0,35
63,16,0,0,1,35
64,16,0,0,1,52
65,16,0,0,5,69
66,16,0,0,3,63
67,16,0,0,4,33
68,16,0,1,3,39
69,16,0,0,8,58
70,16,0,2,11,36
71,16,0,3,2,75
72,16,0,1,6,44
73,16,0,0,1,68
74,16,0,0,3,62
75,16,0,0,3,64
76,16,0,0,2,44
77,16,0,0,4,33
78,16,0,0,2,49
79,16,0,0,3,38
80,16,0,0,2,21
81,16,0,0,5,27
82,16,0,0,3,28
83,16,0,0,1,24
84,16,0,0,0,17
85,16,0,0,1,29
86,16,0,0,4,27
87,16,0,0,0,39
88,16,0,0,1,20
89,16,0,0,1,23
90,16,0,0,3,34
91,16,0,0,0,39
92,16,0,0,1,60
93,16,0,0,4,66
94,16,0,0,1,24
95,16,0,0,0,15
96,16,0,0,3,32
97,16,0,0,2,23
98,16,0,0,3,21
99,16,0,0,2,51
100,16,0,0,5,53
101,16,0,0,5,35
102,16,0,1,6,59
103,16,0,1,2,50
104,16,0,1,4,73
105,16,0,1,9,87
106,16,0,2,12,111
107,16,1,1,8,144
108,16,0,1,5,76
109,16,0,1,8,150
110,16,0,2,8,67
111,16,0,0,9,105
112,16,0,0,6,73
113,16,0,1,8,83
114,16,0,1,8,78
115,16,0,0,7,72
116,16,0,0,2,63
117,16,0,0,4,50
118,16,0,1,4,76
119,16,0,1,7,99
120,16,0,1,5,133
121,16,0,1,8,114
122,16,0,0,11,96
123,16,0,0,8,83
124,16,0,0,8,87
125,16,0,0,4,70
126,16,0,0,1,62
127,16,0,0,2,43
128,16,0,0,3,41
129,16,0,0,8,42
130,16,0,0,3,48
131,16,0,0,1,44
132,16,0,0,0,52
133,16,0,0,2,48
134,16,0,0,0,35
135,16,0,0,3,23
136,16,0,0,1,23
137,16,0,0,0,52
138,16,0,0,1,49
139,16,0,0,0,16
140,16,0,0,0,22
141,16,0,0,1,21
142,16,0,0,1,24
143,16,0,0,1,32
144,16,0,0,0,36
145,16,0,0,2,40
146,16,0,0,3,53
147,16,0,0,3,34
148,16,0,1,1,26
149,16,1,0,3,42
150,16,0,1,0,47
151,16,0,0,3,52
152,16,0,0,31,61
153,16,0,1,35,71
154,16,0,1,3,59
155,16,0,0,2,28
156,16,0,0,0,23
157,16,0,0,1,13
158,16,0,0,1,33
159,16,0,0,2,26
160,16,0,0,3,24
161,16,0,0,3,25
162,16,0,0,0,19
163,16,0,0,1,22
164,16,0,0,0,19
165,16,0,0,1,7
166,16,0,1,1,13
167,16,0,0,1,22
168,16,0,0,3,25
169,16,0,0,1,16
170,16,0,0,1,27
171,16,0,0,2,66
172,16,0,1,0,61
173,16,0,0,3,45
174,16,0,0,4,38
175,16,0,0,2,37
176,16,0,0,3,40
177,16,0,0,9,79
178,16,0,0,5,81
179,16,0,0,6,110
180,16,0,0,4,94
181,16,0,0,4,104
182,16,0,0,8,104
183,16,0,0,4,78
184,16,0,0,2,49
185,16,0,0,2,73
186,16,0,0,2,52
187,16,0,0,4,51
188,16,0,0,6,70
189,16,0,0,3,42
190,16,0,0,0,34
191,16,0,0,0,50
192,16,0,0,5,61
193,16,0,0,2,57
194,16,0,1,2,77
195,16,0,0,2,61
196,16,0,0,4,77
197,16,0,0,4,61
198,16,0,0,4,58
199,16,0,0,3,56
200,16,0,1,8,72
201,16,0,2,6,87
202,16,0,1,13,115
203,16,0,1,12,122
204,16,0,2,8,109
205,16,0,1,12,152
206,16,0,0,9,108
207,16,0,0,8,80
208,16,0,0,6,42
209,16,0,1,7,78
210,16,0,1,3,62
211,16,0,0,7,54
212,16,0,0,1,36
213,16,0,0,1,31
214,16,0,0,1,29
216,16,0,0,3,28
215,16,0,0,3,48
217,16,0,0,0,20
218,16,0,0,0,15
219,16,0,0,1,27
220,16,0,0,3,53
221,16,0,0,4,35
222,16,0,1,7,77
223,16,0,0,4,82
224,16,0,0,6,87
225,16,0,0,4,51
226,16,0,0,5,123
227,16,0,0,4,70
228,16,0,1,3,71
229,16,0,0,10,125
230,16,0,0,4,88
231,16,0,0,8,111
232,16,0,1,8,107
233,16,0,0,6,72
234,16,0,0,5,78
235,16,0,0,4,87
236,16,0,0,3,62
237,16,0,0,4,47
238,16,0,0,4,56
239,16,0,0,3,95
240,16,0,0,9,151
241,16,0,0,14,194
242,16,0,0,8,148
243,16,0,0,7,141
244,16,0,0,6,86
245,16,0,0,3,87
246,16,0,0,5,72
247,16,0,0,6,67
248,16,0,0,1,60
249,16,0,0,2,53
250,16,0,0,0,35
251,16,0,0,0,41
252,16,0,0,4,45
253,16,0,0,3,52
254,16,0,0,2,57
255,16,0,0,4,47
256,16,0,0,2,37
257,16,0,0,4,33
258,16,0,0,3,27
259,16,0,0,3,38
260,16,0,0,3,28
261,16,0,1,0,29
262,16,0,0,4,32
263,16,0,0,4,21
264,16,0,0,3,14
265,16,0,0,1,21
266,16,0,0,0,41
267,16,0,0,1,21
268,16,0,0,1,46
269,16,0,0,3,22
270,16,0,0,3,21
271,16,0,0,2,29
272,16,0,0,6,33
273,16,0,0,3,60
274,16,0,0,0,41
275,16,0,0,2,35
276,16,0,0,3,52
277,16,0,0,7,76
278,16,0,0,7,49
279,16,0,0,8,65
280,16,0,1,5,72
281,16,0,0,6,46
282,16,0,0,3,40
283,16,0,0,3,53
284,16,0,0,3,60
285,16,0,1,7,71
286,16,0,2,2,63
287,16,0,0,4,52
288,16,0,0,1,45
289,16,0,0,8,56
290,16,0,0,5,73
291,16,0,0,7,81
292,16,0,0,2,95
293,16,0,0,0,55
294,16,0,0,0,65
295,16,0,0,2,29
296,16,0,0,1,66
297,16,0,0,6,86
298,16,0,1,5,62
299,16,0,1,3,39
300,16,0,1,2,27
301,16,0,0,2,16
302,16,0,0,3,25
303,16,0,0,3,33
304,16,0,0,3,51
305,16,0,0,26,36
306,16,0,0,2,45
307,16,0,0,1,41
308,16,0,0,0,17
309,16,0,0,2,15
310,16,0,0,2,15
311,16,0,0,3,21
312,16,0,0,3,19
313,16,0,0,1,18
314,16,0,0,3,32
315,16,0,0,3,40
316,16,0,0,4,53
317,16,0,0,4,81
318,16,0,0,2,110
319,16,0,0,3,68
320,16,0,0,2,44
321,16,0,0,1,26
322,16,0,1,0,36
323,16,0,0,6,82
324,16,0,0,2,45
325,16,0,0,3,70
326,16,0,0,5,82
327,16,0,0,6,53
328,16,0,0,7,82
329,16,0,0,7,131
330,16,0,0,7,120
331,16,0,0,5,84
332,16,0,0,3,55
333,16,0,0,0,32
334,16,0,0,1,55
335,16,0,0,2,58
336,16,0,0,2,79
337,16,0,0,1,51
338,16,0,0,0,46
339,16,0,0,1,24
340,16,0,0,0,22
341,16,0,0,2,22
342,16,0,0,2,37
343,16,0,0,0,33
344,16,0,0,0,24
345,16,0,0,2,20
346,16,0,0,1,38
347,16,0,0,3,44
348,16,0,0,0,38
349,16,0,0,2,18
350,16,0,0,1,10
351,16,0,0,1,15
352,16,0,0,1,14
353,16,0,0,1,18
354,16,0,0,0,13
355,16,0,0,1,18
356,16,0,0,0,41
357,16,0,0,2,34
358,16,0,0,3,47
359,16,0,0,3,38
360,16,0,0,1,41
361,16,0,0,1,52
362,16,0,0,0,38
363,16,0,0,1,32
364,16,0,0,1,37
365,16,0,1,4,45
366,16,0,0,5,56
367,16,0,0,3,61
368,16,0,0,1,60
369,16,0,0,6,72
370,16,0,0,10,92
371,16,0,0,3,51
372,16,0,0,3,51
373,16,0,0,3,53
374,16,0,0,10,67
375,16,0,0,4,57
376,16,0,0,4,41
377,16,0,0,1,23
378,16,0,0,3,40
379,16,0,0,2,61
380,16,0,0,6,86
381,16,0,0,6,74
382,16,0,0,6,115
383,16,0,1,14,174
384,16,0,1,17,172
385,16,0,1,10,136
386,16,0,0,11,139
387,16,0,0,17,141
388,16,0,1,23,161
389,16,0,0,22,199
390,16,0,1,13,225
391,16,0,1,12,173
392,16,0,1,16,157
393,16,0,0,16,156
394,16,0,0,10,120
395,16,0,0,1,77
396,16,0,0,3,73
397,16,0,0,2,42
398,16,0,0,0,38
399,16,0,0,1,13
400,16,0,0,2,17
401,16,0,0,0,28
402,16,0,0,1,43
403,16,0,0,2,29
404,16,0,0,1,39
405,16,0,0,1,27
406,16,0,0,0,31
407,16,0,0,12,28
408,16,0,0,0,27
409,16,0,0,2,32
410,16,0,0,0,16
411,16,0,0,0,26
412,16,0,0,2,38
413,16,0,1,3,51
414,16,0,1,5,53
415,16,0,0,7,79
416,16,0,0,7,81
417,16,0,1,4,97
418,16,0,0,6,89
419,16,0,0,6,52
420,16,0,0,3,53
421,16,0,0,9,113
422,16,0,1,3,82
423,16,0,0,5,78
424,16,0,0,2,68
425,16,0,0,3,28
426,16,0,0,3,34
427,16,0,0,3,58
428,16,0,0,1,47
429,16,0,0,4,65
430,16,0,0,5,48
431,16,0,0,5,48
432,16,0,0,7,34
433,16,0,0,3,28
434,16,0,0,0,27
435,16,0,0,4,19
436,16,0,0,1,23
437,16,0,0,2,11
438,16,0,0,0,23
439,16,0,0,1,21
440,16,0,0,3,32
441,16,0,0,2,49
442,16,0,0,5,53
443,16,0,0,3,50
444,16,0,0,3,42
445,16,0,0,0,36
446,16,0,0,3,22
447,16,0,0,0,22
448,16,0,0,0,31
449,16,0,0,0,17
450,16,0,0,2,39
451,16,0,0,8,58
452,16,0,0,3,85
453,16,0,0,4,50
454,16,0,0,4,60
455,16,0,0,3,73
456,16,0,0,3,92
457,16,0,0,5,110
458,16,0,0,12,112
459,16,0,0,13,112
460,16,0,1,23,175
461,16,0,0,18,173
462,16,0,0,11,135
463,16,0,0,8,140
464,16,0,1,9,116
465,16,0,0,15,214
466,16,0,0,4,149
467,16,0,0,5,135
468,16,0,0,6,113
469,16,0,0,7,157
470,16,0,0,8,152
471,16,0,0,9,135
472,16,0,0,2,64
473,16,0,0,1,30
474,16,0,0,1,45
475,16,0,0,0,55
476,16,0,0,2,49
477,16,0,1,3,65
478,16,0,1,6,90
479,16,1,0,6,124
480,16,1,0,7,118
481,16,0,2,12,118
482,16,0,1,13,166
483,16,0,1,18,233
484,16,0,2,12,136
485,16,0,0,3,78
486,16,0,0,4,88
487,16,0,0,7,94
488,16,0,0,13,99
489,16,0,0,11,102
490,16,0,0,10,98
491,16,0,0,5,63
492,16,0,0,7,69
493,16,0,0,5,80
494,16,0,0,4,53
495,16,0,0,4,53
496,16,0,0,4,42
497,16,0,0,2,24
498,16,0,0,2,18
499,16,0,0,2,27
500,16,0,0,3,22
501,16,0,0,2,28
502,16,0,0,1,29
503,16,0,0,4,45
504,16,0,0,5,74
505,16,0,0,5,81
506,16,0,0,5,48
507,16,0,1,6,30
508,16,0,0,4,27
509,16,0,0,1,37
510,16,0,0,2,54
511,16,0,0,3,46
512,16,0,1,6,53
513,16,0,0,9,43
514,16,0,0,5,57
515,16,0,0,4,56
516,16,0,0,3,48
517,16,0,0,0,44
518,16,0,0,0,35
519,16,0,0,0,25
520,16,0,0,2,20
521,16,0,0,0,23
522,16,0,0,1,25
523,16,0,0,1,37
524,16,0,0,0,67
525,16,0,0,0,30
526,16,0,0,3,47
527,16,0,0,8,36
528,16,0,0,3,45
529,16,0,0,7,49
530,16,0,1,4,42
531,16,0,0,6,29
532,16,0,1,5,48
533,16,0,1,4,30
534,16,0,0,2,24
535,16,0,0,3,38
536,16,0,0,2,42
537,16,0,0,3,98
538,16,0,0,6,149
539,16,0,1,5,105
540,16,0,1,2,100
541,16,1,0,4,81
542,16,1,0,7,66
543,16,0,1,5,41
544,16,0,1,2,34
545,16,0,0,2,33
546,16,0,0,5,26
547,16,0,0,3,29
548,16,0,0,4,31
549,16,0,1,2,51
550,16,0,0,2,46
551,16,0,1,1,38
552,16,0,0,6,39
553,16,0,1,3,40
554,16,0,0,5,36
555,16,0,0,7,45
556,16,0,0,6,46
557,16,0,0,8,57
558,16,0,0,4,74
559,16,0,0,4,74
560,16,0,0,10,109
561,16,0,3,11,96
562,16,0,3,8,68
563,16,0,1,8,56
564,16,0,0,5,34
565,16,0,0,2,26
566,16,0,0,0,42
567,16,0,0,2,19
568,16,0,0,4,32
569,16,0,0,4,30
570,16,0,1,1,15
571,16,0,1,0,19
572,16,0,0,3,18
573,16,0,1,0,8
574,16,0,0,1,12
575,16,0,0,1,17
576,16,0,0,0,18
577,16,0,0,0,29
578,16,0,0,1,23
579,16,0,0,0,21
580,16,0,0,2,26
581,16,0,0,2,23
582,16,0,0,1,17
583,16,0,0,0,21
584,16,0,0,0,18
585,16,0,0,0,14
586,16,0,0,2,24
587,16,0,0,2,35
588,16,0,0,5,59
589,16,0,1,4,74
590,16,0,0,2,27
591,16,0,0,5,48
592,16,0,0,2,37
593,16,0,0,4,33
594,16,0,0,2,32
595,16,0,0,3,41
596,16,0,0,1,20
597,16,0,0,2,24
598,16,0,0,1,16
599,16,0,0,0,19
600,16,0,0,1,22
601,16,0,0,0,17
602,16,0,0,2,47
603,16,0,1,1,21
604,16,0,1,2,18
605,16,0,0,3,16
606,16,0,0,3,25
607,16,0,0,5,17
608,16,0,0,4,22
609,16,0,0,3,38
610,16,0,0,6,64
611,16,0,2,8,76
612,16,0,0,12,73
613,16,0,1,9,97
614,16,0,1,8,111
615,16,0,0,10,126
616,16,0,0,7,65
617,16,0,0,4,56
618,16,0,0,2,79
619,16,0,0,7,93
620,16,0,1,10,77
621,16,0,0,11,87
622,16,0,1,10,127
623,16,0,2,20,150
624,16,0,3,14,141
625,16,0,2,16,160
626,16,0,0,10,93
627,16,0,0,5,51
628,16,0,0,0,37
629,16,0,0,1,37
630,16,0,0,3,25
631,16,0,0,6,56
632,16,0,3,10,64
633,16,0,1,7,73
634,16,0,0,5,66
635,16,0,0,5,48
636,16,0,0,5,47
637,16,0,0,1,56
638,16,0,0,1,31
639,16,0,0,1,33
640,16,0,0,1,19
641,16,0,0,0,20
642,16,0,0,2,22
643,16,0,0,4,43
644,16,0,0,4,70
645,16,0,0,3,60
646,16,0,0,6,68
647,16,0,0,6,69
648,16,0,0,5,67
649,16,0,0,6,101
650,16,0,0,12,91
651,16,0,0,11,129
652,16,0,0,15,127
653,16,0,0,10,114
654,16,0,0,14,125
655,16,0,1,16,141
656,16,0,0,12,109
657,16,0,0,11,135
658,16,0,0,8,67
659,16,0,0,5,49
660,16,0,0,2,86
661,16,0,0,4,52
662,16,0,0,4,59
663,16,0,0,5,82
664,16,0,0,5,53
665,16,0,0,5,41
666,16,0,0,4,29
667,16,0,0,0,26
668,16,0,0,1,24
669,16,0,0,0,24
670,16,0,0,0,16
671,16,0,0,1,20
672,16,0,0,1,41
673,16,0,0,2,33
674,16,0,0,0,32
675,16,0,0,1,28
676,16,0,0,1,41
677,16,0,0,2,25
678,16,0,0,1,19
679,16,0,0,0,22
680,16,0,0,3,33
681,16,0,0,1,25
682,16,0,0,1,44
683,16,0,0,1,41
684,16,0,0,0,21
685,16,0,0,1,34
686,16,0,0,1,22
687,16,0,0,1,15
688,16,0,0,0,27
689,16,0,0,0,17
690,16,0,0,0,16
691,16,0,0,1,25
692,16,0,0,0,31
693,16,0,0,2,48
694,16,0,0,2,38
695,16,0,0,9,46
696,16,0,1,5,43
697,16,0,0,6,60
698,16,0,0,2,43
699,16,0,0,3,69
700,16,0,0,2,38
701,16,0,0,4,29
702,16,0,0,3,51
703,16,0,0,2,40
704,16,0,0,2,20
0,17,0,1,1,31
1,17,0,1,0,13
2,17,0,0,1,3
3,17,0,0,1,10
4,17,0,0,2,13
5,17,0,0,1,14
6,17,0,0,0,19
7,17,0,0,1,14
8,17,0,0,0,13
9,17,0,0,0,16
10,17,0,0,3,15
11,17,0,0,4,35
12,17,0,0,0,25
13,17,0,0,1,15
14,17,0,0,1,4
15,17,0,0,0,10
16,17,0,0,0,15
17,17,0,0,1,7
18,17,0,0,1,11
19,17,0,0,1,15
20,17,0,0,0,10
21,17,0,0,0,10
22,17,0,0,0,6
23,17,0,0,0,4
24,17,0,0,0,5
25,17,0,0,0,3
26,17,0,0,1,8
27,17,0,0,0,8
28,17,0,0,0,7
29,17,0,0,0,9
30,17,0,0,0,20
31,17,0,0,4,19
32,17,0,0,1,15
33,17,0,0,1,14
34,17,0,0,1,31
35,17,0,0,4,12
36,17,0,0,0,29
37,17,0,0,1,23
38,17,0,0,5,20
39,17,0,0,1,42
40,17,0,0,1,21
41,17,0,0,1,19
42,17,0,0,2,17
43,17,0,0,1,15
44,17,0,0,0,9
45,17,0,0,1,14
46,17,0,0,1,16
47,17,0,0,2,30
48,17,0,0,2,17
49,17,0,0,0,13
50,17,0,0,0,9
51,17,0,0,1,8
52,17,0,0,0,18
53,17,0,0,0,11
54,17,0,0,0,9
55,17,0,0,3,11
56,17,0,0,1,5
57,17,0,0,2,11
58,17,0,0,1,10
59,17,0,0,1,9
60,17,0,0,1,12
61,17,0,0,0,12
62,17,0,0,0,7
63,17,0,0,1,12
64,17,0,0,0,14
65,17,0,0,0,19
66,17,0,0,2,13
67,17,0,0,1,15
68,17,0,0,2,16
69,17,0,0,4,19
70,17,0,2,1,21
71,17,0,1,3,14
72,17,0,0,1,12
73,17,0,0,1,19
74,17,0,0,2,11
75,17,0,0,0,18
76,17,0,0,0,17
77,17,0,0,0,17
78,17,0,0,2,7
79,17,0,0,0,8
80,17,0,0,1,8
81,17,0,0,0,11
82,17,0,0,0,9
83,17,0,0,0,6
84,17,0,0,0,5
85,17,0,0,1,15
86,17,0,0,0,12
87,17,0,0,0,8
88,17,0,0,0,5
89,17,0,0,1,11
90,17,0,0,0,20
91,17,0,0,0,12
92,17,0,0,1,27
93,17,0,0,0,11
94,17,0,0,0,3
95,17,0,0,0,8
96,17,0,0,1,6
97,17,0,0,0,7
98,17,0,0,0,8
99,17,0,0,0,28
100,17,0,0,1,19
101,17,0,0,3,14
102,17,0,1,0,13
103,17,0,1,1,18
104,17,0,0,3,31
105,17,0,0,6,38
106,17,0,2,1,47
107,17,0,1,2,42
108,17,0,0,4,25
109,17,0,0,5,21
110,17,0,0,3,25
111,17,0,0,3,23
112,17,0,0,3,21
113,17,0,1,0,24
114,17,0,0,2,25
115,17,0,0,0,19
116,17,0,0,1,26
117,17,0,0,2,17
118,17,0,0,3,21
119,17,0,0,2,21
120,17,0,1,2,38
121,17,0,0,3,44
122,17,0,0,4,31
123,17,0,0,3,28
124,17,0,0,2,25
125,17,0,0,0,23
126,17,0,0,0,16
127,17,0,0,0,11
128,17,0,0,3,13
129,17,0,0,1,14
130,17,0,0,0,15
131,17,0,0,0,12
132,17,0,0,0,17
133,17,0,0,0,20
134,17,0,0,0,5
135,17,0,0,0,8
136,17,0,0,0,9
137,17,0,0,0,3
138,17,0,0,0,5
139,17,0,0,0,3
140,17,0,0,0,9
141,17,0,0,1,8
142,17,0,0,0,4
143,17,0,0,0,11
144,17,0,0,0,8
145,17,0,0,0,9
146,17,0,0,0,12
147,17,0,0,1,9
148,17,0,1,0,7
149,17,0,1,0,5
150,17,0,0,1,12
151,17,0,0,2,36
152,17,0,0,27,30
153,17,0,0,3,42
154,17,0,0,2,9
155,17,0,0,0,5
156,17,0,0,0,2
157,17,0,0,0,7
158,17,0,0,1,11
159,17,0,0,0,6
160,17,0,0,0,10
161,17,0,0,0,4
162,17,0,0,0,2
163,17,0,0,0,3
164,17,0,0,0,3
165,17,0,0,1,2
166,17,0,0,1,3
167,17,0,0,0,10
168,17,0,0,1,10
169,17,0,0,0,6
170,17,0,0,1,10
171,17,0,0,1,9
172,17,0,0,1,8
173,17,0,0,0,19
174,17,0,0,0,15
175,17,0,0,0,8
176,17,0,0,3,17
177,17,0,0,1,15
178,17,0,0,2,34
179,17,0,0,0,36
180,17,0,0,0,22
181,17,0,0,1,28
182,17,0,0,0,30
183,17,0,0,1,16
184,17,0,0,0,14
185,17,0,0,1,21
186,17,0,0,1,17
187,17,0,0,1,22
188,17,0,0,0,21
189,17,0,0,0,19
190,17,0,0,0,13
191,17,0,0,0,14
192,17,0,0,0,18
193,17,0,0,1,15
194,17,0,0,1,27
195,17,0,0,1,24
196,17,0,0,1,17
197,17,0,0,2,22
198,17,0,0,0,26
199,17,0,0,3,15
200,17,0,1,3,34
201,17,0,1,2,30
202,17,0,1,4,59
203,17,0,1,4,39
204,17,0,0,3,46
205,17,0,0,3,40
206,17,0,0,2,27
207,17,0,0,2,20
208,17,0,0,5,21
209,17,0,0,2,26
210,17,0,0,3,30
211,17,0,0,1,15
212,17,0,0,0,6
213,17,0,0,0,11
214,17,0,0,1,9
215,17,0,0,1,13
216,17,0,0,0,8
217,17,0,0,0,2
218,17,0,0,0,6
219,17,0,0,0,12
220,17,0,0,1,12
221,17,0,0,1,19
222,17,0,0,1,28
223,17,0,0,0,21
224,17,0,0,1,20
225,17,0,0,1,22
226,17,0,0,1,25
227,17,0,0,1,14
228,17,0,0,2,23
229,17,0,0,0,38
230,17,0,0,0,28
231,17,0,0,4,44
232,17,0,0,5,23
233,17,0,0,1,22
234,17,0,0,1,30
235,17,0,0,1,27
236,17,0,0,2,17
237,17,0,0,0,17
238,17,0,0,1,22
239,17,0,0,0,34
240,17,0,0,0,48
241,17,0,0,2,57
242,17,0,0,1,49
243,17,0,0,2,25
244,17,0,0,1,30
245,17,0,0,0,30
246,17,0,0,1,23
247,17,0,0,0,17
248,17,0,0,0,13
249,17,0,0,0,11
250,17,0,0,0,13
251,17,0,0,0,12
252,17,0,0,1,22
253,17,0,0,0,24
254,17,0,0,0,18
255,17,0,0,0,11
256,17,0,0,0,9
257,17,0,0,2,5
258,17,0,0,0,11
259,17,0,0,0,11
260,17,0,0,1,3
261,17,0,0,1,10
262,17,0,0,1,11
263,17,0,0,0,9
264,17,0,0,1,6
265,17,0,0,0,8
266,17,0,0,0,9
267,17,0,0,0,11
268,17,0,0,0,14
269,17,0,0,3,5
270,17,0,0,0,10
271,17,0,0,2,7
272,17,0,0,1,22
273,17,0,0,0,8
274,17,0,0,0,12
275,17,0,0,1,10
276,17,0,0,0,24
277,17,0,0,2,20
278,17,0,0,1,18
279,17,0,0,2,20
280,17,0,0,3,22
281,17,0,0,1,17
282,17,0,0,0,15
283,17,0,0,1,19
284,17,0,0,1,20
285,17,0,0,4,25
286,17,0,0,2,13
287,17,0,0,1,13
288,17,0,0,1,23
289,17,0,0,0,22
290,17,0,0,1,20
291,17,0,0,2,56
292,17,0,0,0,14
293,17,0,0,0,13
294,17,0,0,0,7
295,17,0,0,1,8
296,17,0,0,0,24
297,17,0,0,1,22
298,17,0,1,0,15
299,17,0,1,1,9
300,17,0,0,1,7
301,17,0,0,2,10
302,17,0,0,1,11
303,17,0,0,1,10
304,17,0,0,1,33
305,17,0,0,0,35
306,17,0,0,1,29
307,17,0,0,0,5
308,17,0,0,0,4
309,17,0,0,0,5
310,17,0,0,2,4
311,17,0,0,2,2
312,17,0,0,0,8
313,17,0,0,0,5
314,17,0,0,1,7
315,17,0,0,1,15
316,17,0,0,1,29
317,17,0,0,0,21
318,17,0,0,0,20
319,17,0,0,1,19
320,17,0,0,0,15
321,17,0,0,1,10
322,17,0,0,1,18
323,17,0,0,0,20
324,17,0,0,0,11
325,17,0,0,0,19
326,17,0,0,2,11
327,17,0,0,3,26
328,17,0,0,1,30
329,17,0,0,1,47
330,17,0,0,1,22
331,17,0,0,0,23
332,17,0,0,0,9
333,17,0,0,0,15
334,17,0,0,0,15
335,17,0,0,0,9
336,17,0,0,1,14
337,17,0,0,0,17
338,17,0,0,0,8
339,17,0,0,0,6
340,17,0,0,0,6
341,17,0,0,0,6
342,17,0,0,0,9
343,17,0,0,0,9
344,17,0,0,0,6
345,17,0,0,0,6
346,17,0,0,0,13
347,17,0,0,0,7
348,17,0,0,0,4
349,17,0,0,1,3
350,17,0,0,0,3
351,17,0,0,1,2
352,17,0,0,1,0
353,17,0,0,0,2
354,17,0,0,0,5
355,17,0,0,0,7
356,17,0,0,0,11
357,17,0,0,0,18
358,17,0,0,0,14
359,17,0,0,1,7
360,17,0,0,0,17
361,17,0,0,0,12
362,17,0,0,0,13
363,17,0,0,0,5
364,17,0,0,1,12
365,17,0,0,2,24
366,17,0,0,0,20
367,17,0,0,0,17
368,17,0,0,0,14
369,17,0,0,1,37
370,17,0,0,0,24
371,17,0,0,0,19
372,17,0,0,1,23
373,17,0,0,1,22
374,17,0,0,2,26
375,17,0,0,1,14
376,17,0,0,1,7
377,17,0,0,0,4
378,17,0,0,1,22
379,17,0,0,1,25
380,17,0,0,2,22
381,17,0,0,2,36
382,17,0,0,3,35
383,17,0,1,5,66
384,17,0,1,1,41
385,17,0,0,5,69
386,17,0,0,4,43
387,17,0,0,8,65
388,17,0,0,6,71
389,17,0,0,2,77
390,17,0,0,7,62
391,17,0,0,5,68
392,17,0,0,2,40
393,17,0,0,4,47
394,17,0,0,1,33
395,17,0,0,0,26
396,17,0,0,1,16
397,17,0,0,0,6
398,17,0,0,0,7
399,17,0,0,0,9
400,17,0,0,0,5
401,17,0,0,0,5
402,17,0,0,1,8
403,17,0,0,1,13
404,17,0,0,0,8
405,17,0,0,0,7
406,17,0,0,0,19
407,17,0,0,0,15
408,17,0,0,0,7
409,17,0,0,0,6
410,17,0,0,0,0
411,17,0,0,0,8
412,17,0,0,2,12
413,17,0,1,0,15
414,17,0,0,2,15
415,17,0,0,3,27
416,17,0,0,1,27
417,17,0,0,1,31
418,17,0,0,1,23
419,17,0,0,1,26
420,17,0,0,1,25
421,17,0,0,1,30
422,17,0,0,2,18
423,17,0,0,2,12
424,17,0,0,0,10
425,17,0,0,0,11
426,17,0,0,1,12
427,17,0,0,1,16
428,17,0,0,0,14
429,17,0,0,3,18
430,17,0,0,2,20
431,17,0,0,2,16
432,17,0,0,2,7
433,17,0,0,0,9
434,17,0,0,0,7
435,17,0,0,1,8
436,17,0,0,0,5
437,17,0,0,0,5
438,17,0,0,0,6
439,17,0,0,0,7
440,17,0,0,1,15
441,17,0,0,1,13
442,17,0,0,1,18
443,17,0,0,0,17
444,17,0,0,0,12
445,17,0,0,0,13
446,17,0,0,0,8
447,17,0,0,0,3
448,17,0,0,0,3
449,17,0,0,0,7
450,17,0,0,2,15
451,17,0,0,2,29
452,17,0,0,1,14
453,17,0,0,1,21
454,17,0,0,0,28
455,17,0,0,0,27
456,17,0,0,2,28
457,17,0,0,2,32
458,17,0,0,4,39
459,17,0,0,7,59
460,17,0,0,5,44
461,17,0,0,3,45
462,17,0,0,1,34
463,17,0,0,2,46
464,17,0,0,4,51
465,17,0,0,1,63
466,17,0,0,0,43
467,17,0,0,2,37
468,17,0,0,2,40
469,17,0,0,3,56
470,17,0,0,2,50
471,17,0,0,1,28
472,17,0,0,0,7
473,17,0,0,0,5
474,17,0,0,0,18
475,17,0,0,0,18
476,17,0,0,2,10
477,17,0,0,2,21
478,17,0,1,2,37
479,17,1,0,3,47
480,17,0,1,5,40
481,17,0,0,9,57
482,17,0,0,5,79
483,17,0,0,7,59
484,17,0,0,2,39
485,17,0,0,2,29
486,17,0,0,0,23
487,17,0,0,3,26
488,17,0,0,1,32
489,17,0,0,3,44
490,17,0,0,1,27
491,17,0,0,3,27
492,17,0,0,4,25
493,17,0,0,1,16
494,17,0,0,2,12
495,17,0,0,2,18
496,17,0,0,1,10
497,17,0,0,1,7
498,17,0,0,1,13
499,17,0,0,1,12
500,17,0,0,1,9
501,17,0,0,0,12
502,17,0,0,0,10
503,17,0,0,1,17
504,17,0,0,1,13
505,17,0,0,1,17
506,17,0,0,3,15
507,17,0,0,3,8
508,17,0,0,0,13
509,17,0,0,0,8
510,17,0,0,0,15
511,17,0,0,2,20
512,17,0,0,2,13
513,17,0,0,3,25
514,17,0,0,1,22
515,17,0,0,1,12
516,17,0,0,0,8
517,17,0,0,0,11
518,17,0,0,0,4
519,17,0,0,0,7
520,17,0,0,0,5
521,17,0,0,0,2
522,17,0,0,0,9
523,17,0,0,0,13
524,17,0,0,0,13
525,17,0,0,0,8
526,17,0,0,2,14
527,17,0,0,0,14
528,17,0,0,0,19
529,17,0,0,1,20
530,17,0,0,1,11
531,17,0,0,3,14
532,17,0,1,2,9
533,17,0,0,1,12
534,17,0,0,1,6
535,17,0,0,0,15
536,17,0,0,1,14
537,17,0,0,0,26
538,17,0,0,2,35
539,17,0,1,1,40
540,17,0,1,1,27
541,17,1,0,2,39
542,17,0,1,1,18
543,17,0,0,2,13
544,17,0,0,1,10
545,17,0,0,1,10
546,17,0,0,2,7
547,17,0,0,0,12
548,17,0,0,1,11
549,17,0,0,1,13
550,17,0,0,1,12
551,17,0,0,1,14
552,17,0,0,2,17
553,17,0,0,2,14
554,17,0,0,1,16
555,17,0,0,2,21
556,17,0,0,5,16
557,17,0,0,1,21
558,17,0,0,0,14
559,17,0,0,1,30
560,17,0,0,5,42
561,17,0,3,7,25
562,17,0,1,4,28
563,17,0,0,3,17
564,17,0,0,1,10
565,17,0,0,0,4
566,17,0,0,0,6
567,17,0,0,2,6
568,17,0,0,2,11
569,17,0,0,1,11
570,17,0,1,0,6
571,17,0,0,1,3
572,17,0,0,1,3
573,17,0,0,1,4
574,17,0,0,1,3
575,17,0,0,0,4
576,17,0,0,0,3
577,17,0,0,0,11
578,17,0,0,0,3
579,17,0,0,0,5
580,17,0,0,1,7
581,17,0,0,0,4
582,17,0,0,0,5
583,17,0,0,0,2
584,17,0,0,0,3
585,17,0,0,0,3
586,17,0,0,0,6
587,17,0,0,1,14
588,17,0,0,1,15
589,17,0,0,1,16
590,17,0,0,2,8
591,17,0,0,1,14
592,17,0,0,1,16
593,17,0,0,0,11
594,17,0,0,0,16
595,17,0,0,1,9
596,17,0,0,0,7
597,17,0,0,1,6
598,17,0,0,0,7
599,17,0,0,0,4
600,17,0,0,0,7
601,17,0,0,0,7
602,17,0,0,1,11
603,17,0,0,2,5
604,17,0,0,1,6
605,17,0,0,2,7
606,17,0,0,3,4
607,17,0,0,3,6
608,17,0,0,1,13
609,17,0,0,0,19
610,17,0,0,6,22
611,17,0,0,3,26
612,17,0,0,4,34
613,17,0,0,4,27
614,17,0,0,3,28
615,17,0,0,1,30
616,17,0,0,1,16
617,17,0,0,0,26
618,17,0,0,1,41
619,17,0,0,2,33
620,17,0,0,2,24
621,17,0,0,4,43
622,17,0,0,8,54
623,17,0,1,5,66
624,17,0,2,8,67
625,17,0,0,6,45
626,17,0,0,0,19
627,17,0,0,0,9
628,17,0,0,0,10
629,17,0,0,0,10
630,17,0,0,2,13
631,17,0,0,3,22
632,17,0,1,3,15
633,17,0,0,4,22
634,17,0,0,1,14
635,17,0,0,3,15
636,17,0,0,1,20
637,17,0,0,0,16
638,17,0,0,0,12
639,17,0,0,0,7
640,17,0,0,0,6
641,17,0,0,0,7
642,17,0,0,1,9
643,17,0,0,2,7
644,17,0,0,1,30
645,17,0,0,1,26
646,17,0,0,1,24
647,17,0,0,0,24
648,17,0,0,3,21
649,17,0,0,1,40
650,17,0,0,1,34
651,17,0,0,3,53
652,17,0,0,7,39
653,17,0,0,3,31
654,17,0,0,4,39
655,17,0,0,3,40
656,17,0,0,3,53
657,17,0,0,3,23
658,17,0,0,1,21
659,17,0,0,0,20
660,17,0,0,0,20
661,17,0,0,2,18
662,17,0,0,1,35
663,17,0,0,1,18
664,17,0,0,2,19
665,17,0,0,2,14
666,17,0,0,0,7
667,17,0,0,0,4
668,17,0,0,0,11
669,17,0,0,0,6
670,17,0,0,0,5
671,17,0,0,0,7
672,17,0,0,0,9
673,17,0,0,0,10
674,17,0,0,0,5
675,17,0,0,1,8
676,17,0,0,0,6
677,17,0,0,0,7
678,17,0,0,0,4
679,17,0,0,0,10
680,17,0,0,1,7
681,17,0,0,0,7
682,17,0,0,0,12
683,17,0,0,0,9
684,17,0,0,0,9
685,17,0,0,0,8
686,17,0,0,1,3
687,17,0,0,0,8
688,17,0,0,0,1
689,17,0,0,0,3
690,17,0,0,0,4
691,17,0,0,0,6
692,17,0,0,0,7
693,17,0,0,0,15
694,17,0,0,1,12
695,17,0,0,3,23
696,17,0,0,3,21
697,17,0,0,0,23
698,17,0,0,0,14
699,17,0,0,0,14
700,17,0,0,2,13
701,17,0,0,0,11
702,17,0,0,0,17
703,17,0,0,0,10
