Sequence,sense_start,sense_length,sense_start_from_end,Canonical Gene Name,Treatment_Period(hours),ASO_volume(nM),log_volume,normalized_start,normalized_sense_start_from_end,self_energy,internal_fold,gc_content,gc_content_3_prime_5,homooligo_count,entropy,hairpin_score,gc_skew,at_skew,nucleotide_diversity,stop_codon_count,at_rich_region_score,poly_pyrimidine_stretch,on_target_fold_openness40_15,on_target_fold_openness_normalized40_15,exp_ps_hybr,score
GGACATTGCCTCTTCATTGT,5245,20,3584,MALAT,24,1000,6.907755278982137,0.5940650130252577,0.40593498697474234,-1535.6899156894287,-0.4000000059604645,0.45,0.6,0.0,0.6597727316246684,0.0,-0.1111111111111111,-0.45454545454545453,0.75,0.0,0.0,0.05,-4.083333469306429,-0.20416667346532144,-2404,2.362388
CGCTTTGTTGTCTCTCCTGC,7558,20,1271,MALAT,24,1000,6.907755278982137,0.8560425869294371,0.14395741307056292,-1771.961228927783,0.0,0.55,0.6,0.14285714285714285,0.5243268946796773,0.0,-0.2727272727272727,-1.0,0.5,0.0,0.0,0.1,-4.632500056425731,-0.23162500282128656,-2421,2.3181026
GCCTCCTCAATCCACTTGAT,5377,20,3452,MALAT,24,1000,6.907755278982137,0.6090157435723185,0.39098425642768153,-1773.89868676474,-0.30000001192092896,0.5,0.8,0.0,0.6399271129168337,0.1,-0.6,-0.2,0.6875,0.05,0.0,0.05,-3.8191666483879088,-0.19095833241939544,-2584,2.2327833
CTCTGCATCTAGGCCATCAT,4994,20,3835,MALAT,24,1000,6.907755278982137,0.5656359723638011,0.4343640276361989,-6063.203686770947,-0.20000000298023224,0.5,0.6,0.0,0.6675425825460102,0.15,-0.4,-0.2,0.625,0.05,0.0,0.05,-4.721666701634726,-0.23608333508173632,-2446,2.217166
CTCCTCAATCCACTTGATCC,5375,20,3454,MALAT,24,1000,6.907755278982137,0.6087892173519085,0.3912107826480915,-2764.7036867709467,-0.30000001192092896,0.5,0.6,0.0,0.5960972503801488,0.15,-0.8,-0.2,0.625,0.05,0.0,0.05,-3.5041666428248086,-0.17520833214124043,-2502,2.211068
AGCCTCCTCAATCCACTTGA,5378,20,3451,MALAT,24,1000,6.907755278982137,0.6091290066825235,0.3908709933174765,-1495.893686764739,0.0,0.5,0.6,0.0,0.6449609913045059,0.1,-0.6,0.0,0.75,0.05,0.0,0.05,-3.9766666511694586,-0.19883333255847294,-2568,2.186641
TCTCTGCATCTAGGCCATCA,4995,20,3834,MALAT,24,1000,6.907755278982137,0.5657492354740061,0.43425076452599387,-6063.203686770947,-0.20000000298023224,0.5,0.4,0.0,0.6675425825460102,0.15,-0.4,-0.2,0.625,0.05,0.0,0.05,-4.691666702429454,-0.2345833351214727,-2474,2.1584387
TGAGATGGACATTGCCTCTT,5251,20,3578,MALAT,24,1000,6.907755278982137,0.5947445916864877,0.4052554083135123,-2770.9624578493676,-3.0,0.45,0.4,0.0,0.678893249414075,0.0,0.1111111111111111,-0.2727272727272727,0.75,0.05,0.0,0.05,-4.912500124424697,-0.24562500622123484,-2350,2.0630832
ACAGCCTCCTCAATCCACTT,5380,20,3449,MALAT,24,1000,6.907755278982137,0.6093555329029335,0.39064446709706646,-1864.8112289277851,0.0,0.5,0.6,0.0,0.601131128767821,0.0,-0.8,0.0,0.625,0.0,0.0,0.05,-4.291666656732559,-0.21458333283662795,-2602,1.9926825
TCTGCATCTAGGCCATCATA,4993,20,3836,MALAT,24,1000,6.907755278982137,0.5655227092535962,0.4344772907464039,-6063.203686770947,-0.20000000298023224,0.45,0.6,0.0,0.6767626353042082,0.15,-0.3333333333333333,-0.09090909090909091,0.625,0.05,0.0,0.0,-4.751666700839997,-0.23758333504199985,-2323,1.984962
GCTTTGTTGTCTCTCCTGCC,7557,20,1272,MALAT,24,1000,6.907755278982137,0.855929323819232,0.14407067618076794,-1907.671228927782,0.0,0.55,0.4,0.14285714285714285,0.5243268946796773,0.0,-0.2727272727272727,-1.0,0.4375,0.0,0.0,0.1,-4.750833388169607,-0.23754166940848034,-2571,1.9610221
TGCATCTAGGCCATCATACT,4991,20,3838,MALAT,24,1000,6.907755278982137,0.5652961830331861,0.4347038169668139,-6063.203686770947,-0.20000000298023224,0.45,0.4,0.0,0.6767626353042082,0.15,-0.3333333333333333,-0.09090909090909091,0.6875,0.05,0.0,0.0,-4.811666699250539,-0.24058333496252696,-2328,1.9119927
CCTCCTCAATCCACTTGATC,5376,20,3453,MALAT,24,1000,6.907755278982137,0.6089024804621135,0.3910975195378865,-2154.923686770944,-0.30000001192092896,0.5,0.8,0.0,0.5960972503801488,0.15,-0.8,-0.2,0.625,0.05,0.0,0.05,-3.6616666456063585,-0.18308333228031792,-2502,1.885136
TTCTCTGCATCTAGGCCATC,4996,20,3833,MALAT,24,1000,6.907755278982137,0.5658624985842111,0.4341375014157889,-6063.203686770947,-0.20000000298023224,0.5,0.4,0.0,0.6520057413074194,0.15,-0.4,-0.4,0.6875,0.05,0.0,0.05,-4.640000033378602,-0.2320000016689301,-2390,1.8821748
GCCTCTTCATTGTATTTCTC,5238,20,3591,MALAT,24,1000,6.907755278982137,0.5932721712538226,0.40672782874617736,-945.5336867709411,0.0,0.4,0.8,0.14285714285714285,0.5841412250882813,0.0,-0.5,-0.6666666666666666,0.625,0.0,0.05,0.1,-3.194166764741142,-0.1597083382370571,-2145,1.7717998
TGGACATTGCCTCTTCATTG,5246,20,3583,MALAT,24,1000,6.907755278982137,0.5941782761354627,0.4058217238645373,-2469.7012289277845,-0.4000000059604645,0.45,0.6,0.0,0.6597727316246684,0.0,-0.1111111111111111,-0.45454545454545453,0.6875,0.0,0.0,0.05,-4.225833467642466,-0.2112916733821233,-2306,1.714267
CTGCATCTAGGCCATCATAC,4992,20,3837,MALAT,24,1000,6.907755278982137,0.5654094461433911,0.4345905538566089,-6063.203686770947,-0.20000000298023224,0.5,0.6,0.0,0.6725764609336824,0.15,-0.4,0.0,0.6875,0.05,0.0,0.0,-4.781666700045268,-0.23908333500226342,-2328,1.6765094
GACATTGCCTCTTCATTGTA,5244,20,3585,MALAT,24,1000,6.907755278982137,0.5939517499150526,0.4060482500849473,-1474.224915689425,-0.8999999761581421,0.4,0.4,0.0,0.6597727316246684,0.0,-0.25,-0.3333333333333333,0.75,0.0,0.0,0.05,-3.930833462998271,-0.19654167314991355,-2209,1.651324
CAGCCTCCTCAATCCACTTG,5379,20,3450,MALAT,24,1000,6.907755278982137,0.6092422697927286,0.3907577302072715,-1864.8112289277851,0.0,0.55,0.8,0.0,0.6290240726820973,0.0,-0.6363636363636364,-0.1111111111111111,0.6875,0.0,0.0,0.05,-4.1341666539510085,-0.20670833269755043,-2566,1.646774
CATCTAGGCCATCATACTGC,4989,20,3840,MALAT,24,1000,6.907755278982137,0.5650696568127761,0.4349303431872239,-6063.203686770947,0.0,0.5,0.4,0.0,0.6725764609336824,0.1,-0.4,0.0,0.6875,0.05,0.0,0.0,-4.831666700045267,-0.24158333500226337,-2328,1.6057276
GCTTGTTCACCTGTTTTCCT,7322,20,1507,MALAT,24,1000,6.907755278982137,0.8293124929210556,0.1706875070789444,-1153.5312289277826,0.0,0.45,0.6,0.19047619047619047,0.5710600214941676,0.0,-0.3333333333333333,-0.8181818181818182,0.5625,0.0,0.05,0.05,-4.2283333579699205,-0.21141666789849603,-2453,1.5925454
GAGCTGTTTTCTCTGCATCT,5004,20,3825,MALAT,24,1000,6.907755278982137,0.5667686034658511,0.4332313965341488,-4273.333686764741,-1.100000023841858,0.45,0.6,0.19047619047619047,0.6290240726820973,0.1,-0.1111111111111111,-0.6363636363636364,0.625,0.0,0.05,0.05,-4.196666701634724,-0.2098333350817362,-2221,1.5776845
AGTTACATTCGTTCTTCCGC,6087,20,2742,MALAT,24,1000,6.907755278982137,0.6894325518178729,0.31056744818212706,-1749.6636867709458,0.0,0.45,0.2,0.0,0.6484220647566035,0.0,-0.3333333333333333,-0.45454545454545453,0.75,0.0,0.0,0.05,-1.8741666590174042,-0.09370833295087021,-2184,1.5698894
GATGGACATTGCCTCTTCAT,5248,20,3581,MALAT,24,1000,6.907755278982137,0.5944048023558727,0.4055951976441273,-2469.7012289277845,-1.100000023841858,0.45,0.6,0.0,0.678893249414075,0.0,-0.1111111111111111,-0.2727272727272727,0.6875,0.0,0.0,0.05,-4.5108334643145405,-0.22554167321572702,-2395,1.5605738
CGCCTCAGTTACACATCCAA,3500,20,5329,MALAT,24,1000,6.907755278982137,0.3964208857175218,0.6035791142824782,-1749.6636867709458,0.0,0.5,0.8,0.0,0.6399271129168338,0.0,-0.6,0.2,0.8125,0.0,0.0,0.05,-3.2625000675519304,-0.16312500337759653,-2400,1.5494919
AGATGGACATTGCCTCTTCA,5249,20,3580,MALAT,24,1000,6.907755278982137,0.5945180654660777,0.4054819345339223,-2469.7012289277845,-1.600000023841858,0.45,0.4,0.0,0.6881133021722731,0.0,-0.1111111111111111,-0.09090909090909091,0.75,0.0,0.0,0.05,-4.653333462650577,-0.23266667313252887,-2379,1.5298474
TCGGCTTCTTTTATTCCAGG,5335,20,3494,MALAT,24,1000,6.907755278982137,0.6042586929437083,0.3957413070562918,-2192.261228927782,0.0,0.45,0.8,0.19047619047619047,0.6290240726820973,0.0,-0.1111111111111111,-0.6363636363636364,0.6875,0.0,0.05,0.1,-1.7249999990065894,-0.08624999995032948,-2259,1.5282584
TCTAGGCCATCATACTGCCA,4987,20,3842,MALAT,24,1000,6.907755278982137,0.564843130592366,0.43515686940763393,-6063.203686770947,-2.5999999046325684,0.5,0.4,0.0,0.6725764609336824,0.1,-0.4,0.0,0.6875,0.05,0.0,0.0,-4.811666703224182,-0.24058333516120908,-2524,1.5210307
CTTTGTTGTCTCTCCTGCCA,7556,20,1273,MALAT,24,1000,6.907755278982137,0.855816060709027,0.14418393929097292,-1907.671228927782,0.0,0.5,0.4,0.14285714285714285,0.580560409141558,0.0,-0.4,-0.8,0.5,0.0,0.0,0.1,-4.8691667199134825,-0.24345833599567412,-2535,1.5013002
TTGAGATGGACATTGCCTCT,5252,20,3577,MALAT,24,1000,6.907755278982137,0.5948578547966927,0.40514214520330727,-2770.9624578493676,-1.899999976158142,0.45,0.4,0.0,0.678893249414075,0.0,0.1111111111111111,-0.2727272727272727,0.75,0.05,0.0,0.05,-5.0291667878627795,-0.251458339393139,-2350,1.4862865
