sense_start,sense_length,total_hybridization_candidates,total_hybridization_energy,total_hybridization_max_sum,total_hybridization_binary_sum
0,16,348,-4165.949999999997,-3961.999999999999,0
1,16,356,-4274.679999999996,-4058.229999999998,0
2,16,357,-4289.069999999995,-4071.3699999999985,0
3,16,344,-4101.199999999997,-3909.0499999999997,0
4,16,415,-4902.689999999995,-4654.089999999996,0
5,16,252,-3113.6200000000053,-3009.4200000000055,0
6,16,275,-3396.170000000004,-3279.9700000000043,0
7,16,266,-3266.740000000004,-3186.2400000000034,0
8,16,144,-1814.2499999999995,-1791.2499999999995,0
9,16,123,-1543.5400000000002,-1532.0400000000002,0
10,16,125,-1567.05,-1555.55,0
11,16,125,-1561.6500000000003,-1550.1500000000003,0
12,16,125,-1538.2499999999995,-1526.7499999999998,0
13,16,65,-808.8000000000009,-808.8000000000009,0
14,16,42,-513.0,-513.0,0
15,16,42,-499.4000000000004,-499.4000000000004,0
16,16,11,-146.8,-146.8,0
17,16,5,-69.1,-69.1,0
18,16,8,-112.14999999999999,-112.14999999999999,0
19,16,5,-72.7,-72.7,0
20,16,3,-43.7,-43.7,0
21,16,3,-43.05,-43.05,0
22,16,44,-568.7000000000003,-568.7000000000003,0
23,16,45,-594.1700000000003,-594.1700000000003,0
24,16,61,-790.3700000000002,-790.3700000000002,0
25,16,61,-799.5700000000004,-799.5700000000004,0
26,16,667,-7670.0700000000525,-6996.670000000045,0
27,16,978,-11442.330000000124,-10158.580000000118,0
28,16,1049,-12541.150000000122,-11241.150000000107,0
29,16,1056,-12668.900000000122,-11367.900000000103,0
30,16,1098,-13218.360000000128,-11841.290000000114,0
31,16,1533,-18533.680000000004,-15581.530000000072,1
32,16,1812,-22429.109999999913,-18539.270000000048,1
33,16,2023,-24990.959999999846,-20188.549999999963,1
34,16,4189,-48484.8199999993,-32673.929999999993,4
35,16,7089,-79680.16999999882,-44180.04999999894,11
36,16,6625,-75176.38999999897,-42655.72999999955,6
37,16,6766,-76984.99999999888,-43295.53999999932,3
38,16,7333,-83178.15999999871,-45252.00999999951,2
39,16,7336,-83348.6399999988,-45323.73999999954,1
40,16,7493,-85158.7799999987,-45879.72999999956,1
41,16,7066,-79596.43999999872,-43662.68999999943,0
42,16,6733,-75093.65999999872,-41852.1399999997,0
43,16,6632,-73872.16999999869,-41544.91999999986,0
44,16,6613,-73409.98999999872,-41252.89999999989,0
45,16,6625,-72706.52999999872,-40784.959999999715,0
46,16,4916,-53693.57999999947,-34064.380000000885,0
47,16,1623,-18791.05000000008,-16013.15000000005,0
48,16,1230,-14229.739999999932,-12504.68999999993,0
49,16,591,-7219.269999999968,-6658.719999999969,0
50,16,400,-5053.589999999984,-4778.9899999999825,0
51,16,455,-5703.669999999987,-5382.719999999985,0
52,16,425,-5322.949999999999,-5120.949999999997,0
53,16,401,-5068.979999999998,-4898.729999999996,0
54,16,401,-5052.279999999994,-4882.0299999999925,0
55,16,304,-3845.9499999999957,-3722.4499999999957,0
56,16,271,-3439.519999999995,-3338.569999999995,0
57,16,281,-3537.619999999999,-3437.319999999999,0
58,16,176,-2225.329999999997,-2186.2299999999973,0
59,16,116,-1486.1499999999992,-1447.049999999999,0
60,16,129,-1655.3599999999976,-1603.209999999998,0
61,16,59,-808.38,-794.1299999999999,1
62,16,50,-679.28,-679.28,1
63,16,60,-803.38,-803.38,1
64,16,173,-2170.460000000003,-2145.3600000000033,0
65,16,342,-4150.3299999999945,-3965.7799999999943,0
66,16,350,-4303.749999999995,-4095.349999999996,0
67,16,441,-5530.870000000002,-5195.270000000002,0
68,16,2327,-27188.650000000045,-21268.400000000074,0
69,16,3262,-38875.110000000124,-28637.49000000045,3
70,16,8410,-91296.33000000061,-47032.59999999905,4
71,16,8393,-92372.2700000001,-47578.15999999957,3
72,16,8389,-92626.37000000007,-47776.539999999615,3
73,16,8632,-95385.03000000022,-48708.32999999971,5
74,16,8503,-93611.89000000026,-48081.54999999955,3
75,16,8274,-90737.00000000019,-47186.91999999969,2
76,16,8254,-90417.55000000019,-47022.23999999968,2
77,16,8253,-90327.8800000001,-46967.259999999624,2
78,16,8228,-89391.35000000022,-46418.719999999776,2
79,16,6651,-71151.02999999923,-40383.67999999952,0
80,16,5990,-62868.84999999882,-37421.84999999956,0
81,16,6049,-62436.71999999816,-36999.51999999875,0
82,16,1300,-15480.779999999902,-13628.959999999926,1
83,16,6327,-65944.6799999979,-38308.85999999881,2
84,16,6280,-66484.76999999832,-38861.46999999926,2
85,16,7145,-75878.8099999996,-41967.60999999951,2
86,16,7162,-76512.21999999968,-42336.509999999565,2
87,16,7162,-76577.52999999968,-42388.36999999957,0
88,16,7127,-76130.25999999963,-42254.00999999958,0
89,16,7163,-76551.42999999973,-42357.66999999959,0
90,16,7133,-76260.4699999996,-42309.90999999954,0
91,16,7151,-76460.07999999961,-42355.06999999953,0
92,16,7170,-76627.4099999996,-42394.76999999938,0
93,16,6774,-71349.49999999923,-40237.93999999963,0
94,16,6776,-70192.56999999874,-39565.39999999887,0
95,16,1445,-16162.939999999748,-13991.18999999977,0
96,16,365,-4377.130000000005,-4204.730000000008,0
97,16,339,-3982.9300000000053,-3809.5300000000047,0
98,16,313,-3668.3100000000068,-3518.0100000000066,0
99,16,305,-3580.560000000008,-3430.2600000000075,0
100,16,307,-3619.8500000000076,-3469.5500000000075,0
101,16,321,-3787.300000000007,-3607.250000000007,0
102,16,537,-6295.04999999999,-5937.799999999995,0
103,16,443,-5258.6699999999955,-5078.319999999997,0
104,16,508,-6008.219999999988,-5702.869999999991,0
105,16,414,-4998.860000000001,-4644.6600000000035,0
106,16,458,-5721.179999999997,-5251.669999999997,0
107,16,748,-9339.91999999996,-8398.819999999967,0
108,16,1107,-13554.91000000004,-11859.640000000029,0
109,16,1260,-15353.020000000057,-13276.370000000046,0
110,16,2077,-24817.15000000009,-19973.12000000007,0
111,16,2088,-25276.160000000047,-20328.270000000026,0
112,16,2235,-26736.38999999996,-21258.919999999947,0
113,16,2194,-26519.009999999937,-21151.699999999928,1
114,16,3488,-41442.62000000005,-29416.899999999827,3
115,16,3393,-40553.279999999904,-29103.7499999998,5
116,16,3571,-42476.680000000015,-30253.799999999792,5
117,16,4495,-51720.37000000035,-34232.27999999992,4
118,16,4200,-48736.51000000036,-32938.159999999894,3
119,16,4165,-48545.000000000604,-33209.56999999985,3
120,16,4162,-48458.06000000034,-33170.42999999986,1
121,16,3281,-37668.18000000003,-27729.70999999964,0
122,16,2841,-32637.009999999784,-25314.659999999723,0
123,16,2998,-34200.62999999985,-26182.429999999717,0
124,16,2998,-33995.65999999977,-26018.109999999502,0
125,16,1992,-22931.91999999994,-19344.829999999874,0
126,16,1799,-20852.629999999957,-17889.129999999863,0
127,16,1799,-20634.23000000001,-17705.879999999874,0
128,16,686,-8681.180000000011,-8204.23000000001,0
129,16,484,-6098.679999999993,-5792.379999999989,0
130,16,425,-5332.699999999987,-5052.399999999986,0
131,16,426,-5328.819999999989,-5048.919999999987,0
132,16,259,-3360.319999999993,-3208.8199999999947,0
133,16,263,-3362.9199999999933,-3211.4199999999946,0
134,16,40,-517.9700000000003,-504.8700000000002,0
135,16,34,-437.07000000000016,-423.97000000000014,0
0,17,362,-4352.849999999996,-4136.399999999997,0
1,17,357,-4294.1699999999955,-4076.4699999999984,0
2,17,357,-4290.219999999996,-4072.5199999999986,0
3,17,416,-4962.999999999996,-4713.349999999998,0
4,17,417,-4968.9199999999955,-4719.969999999996,0
5,17,275,-3404.5700000000047,-3288.370000000005,0
6,17,302,-3736.1400000000026,-3608.5900000000033,0
7,17,266,-3266.740000000004,-3186.2400000000034,0
8,17,144,-1822.0499999999995,-1799.0499999999995,0
9,17,126,-1586.4399999999998,-1574.94,0
10,17,125,-1567.05,-1555.55,0
11,17,125,-1561.6500000000003,-1550.1500000000003,0
12,17,128,-1578.3499999999997,-1566.8499999999997,0
13,17,65,-808.8000000000009,-808.8000000000009,0
14,17,42,-513.0,-513.0,0
15,17,44,-528.4000000000003,-528.4000000000003,0
16,17,11,-146.8,-146.8,0
17,17,8,-112.8,-112.8,0
18,17,8,-112.14999999999999,-112.14999999999999,0
19,17,5,-72.7,-72.7,0
20,17,3,-43.7,-43.7,0
21,17,47,-611.7500000000003,-611.7500000000003,0
22,17,45,-594.1700000000003,-594.1700000000003,0
23,17,61,-790.3700000000002,-790.3700000000002,0
24,17,61,-799.5700000000004,-799.5700000000004,0
25,17,667,-7670.0700000000525,-6996.670000000045,0
26,17,978,-11442.980000000123,-10159.230000000116,0
27,17,1050,-12555.170000000124,-11255.170000000106,0
28,17,1056,-12668.900000000122,-11367.900000000103,0
29,17,1098,-13236.630000000125,-11859.510000000113,0
30,17,1577,-19116.550000000007,-16055.75000000008,1
31,17,1829,-22656.40999999991,-18719.07000000005,1
32,17,2024,-25030.499999999847,-20239.98999999996,1
33,17,4189,-48483.8199999993,-32673.929999999993,4
34,17,7154,-80628.34999999852,-44383.63999999902,11
35,17,7137,-81538.34999999884,-45044.619999999246,11
36,17,7171,-81868.26999999894,-44897.73999999927,6
37,17,7363,-83594.17999999868,-45488.79999999951,3
38,17,7336,-83435.97999999883,-45416.62999999954,2
39,17,7491,-85264.58999999872,-45995.059999999525,1
40,17,7501,-85377.62999999867,-46001.05999999956,1
41,17,7086,-79892.37999999868,-43759.05999999943,0
42,17,6866,-76835.0799999986,-42600.28999999967,0
43,17,6633,-73963.17999999867,-41635.129999999845,0
44,17,6635,-73692.93999999869,-41410.04999999989,0
45,17,6724,-73895.92999999865,-41300.579999999645,0
46,17,4914,-53737.33999999946,-34122.190000000875,0
47,17,1650,-19133.42000000008,-16285.470000000052,0
48,17,1340,-15582.38999999994,-13516.339999999946,1
49,17,592,-7308.19999999997,-6742.649999999972,0
50,17,456,-5747.289999999989,-5425.189999999986,0
51,17,543,-6781.129999999994,-6317.579999999993,0
52,17,426,-5392.5599999999995,-5186.309999999998,0
53,17,401,-5074.3799999999965,-4904.129999999995,0
54,17,408,-5145.5799999999945,-4962.329999999993,0
55,17,305,-3871.509999999996,-3746.759999999995,0
56,17,281,-3569.4699999999953,-3468.519999999995,0
57,17,281,-3542.2199999999993,-3441.919999999999,0
58,17,176,-2229.5299999999975,-2190.4299999999976,0
59,17,128,-1662.009999999999,-1622.9099999999994,0
60,17,155,-2001.9799999999973,-1950.1299999999972,1
61,17,60,-831.13,-816.8800000000001,1
62,17,60,-807.93,-807.93,1
63,17,187,-2364.940000000004,-2339.8400000000042,1
64,17,342,-4154.029999999995,-3969.479999999994,0
65,17,350,-4305.699999999995,-4097.299999999996,0
66,17,448,-5631.670000000002,-5296.0700000000015,0
67,17,2355,-27554.87000000004,-21518.920000000067,0
68,17,3260,-38852.21000000013,-28640.19000000045,3
69,17,8400,-91196.33000000058,-47036.49999999906,4
70,17,8405,-92601.42000000014,-47705.519999999575,4
71,17,8387,-92663.45000000008,-47827.23999999963,3
72,17,8629,-95428.17000000029,-48799.21999999966,5
73,17,8625,-95458.5500000002,-48824.25999999961,5
74,17,8500,-93631.97000000026,-48119.759999999565,3
75,17,8308,-91195.94000000022,-47312.56999999967,2
76,17,8247,-90364.5400000002,-47048.17999999969,2
77,17,8249,-90327.57000000011,-46999.449999999626,2
78,17,8221,-89327.6900000002,-46424.859999999775,2
79,17,6672,-71466.15999999925,-40533.25999999953,0
80,17,6047,-63670.71999999884,-37832.219999999565,0
81,17,6574,-69292.86999999851,-39878.59999999901,3
82,17,6570,-68872.81999999848,-39632.22999999878,2
83,17,6323,-67088.3299999983,-39096.75999999926,3
84,17,7143,-75871.7399999996,-41978.439999999515,2
85,17,7157,-76471.58999999968,-42344.97999999958,2
86,17,7157,-76535.87999999967,-42397.46999999956,2
87,17,7164,-76647.9899999997,-42464.88999999957,0
88,17,7158,-76532.26999999971,-42380.20999999957,0
89,17,7185,-76937.30999999972,-42589.69999999958,0
90,17,7146,-76470.32999999961,-42412.51999999953,0
91,17,7165,-76717.70999999963,-42522.339999999545,0
92,17,7275,-77886.99999999975,-42831.85999999942,0
93,17,6774,-71439.0699999992,-40342.309999999634,0
94,17,6939,-71998.9699999989,-40225.649999998896,0
95,17,1445,-16208.139999999741,-14029.989999999765,0
96,17,365,-4396.030000000004,-4222.630000000007,0
97,17,350,-4123.480000000006,-3950.0800000000054,0
98,17,320,-3760.4600000000073,-3610.1600000000067,0
99,17,316,-3743.1600000000085,-3592.860000000008,0
100,17,321,-3803.050000000007,-3620.000000000007,0
101,17,537,-6321.049999999988,-5961.549999999992,0
102,17,538,-6363.669999999989,-6004.869999999992,0
103,17,508,-6055.669999999987,-5745.819999999989,0
104,17,597,-7053.719999999993,-6491.819999999997,0
105,17,468,-5863.549999999997,-5382.239999999997,0
106,17,756,-9451.65999999996,-8508.409999999967,0
107,17,1116,-13676.110000000037,-11980.840000000027,0
108,17,1269,-15482.470000000061,-13390.470000000052,0
109,17,2077,-24866.860000000124,-20028.580000000107,0
110,17,2087,-25336.260000000006,-20389.61999999998,0
111,17,2449,-29268.670000000002,-22817.549999999996,0
112,17,2278,-27609.029999999955,-21877.34999999995,1
113,17,3553,-42300.59000000002,-29903.599999999817,3
114,17,3554,-42855.84999999993,-30265.369999999773,5
115,17,3579,-42699.52,-30379.749999999767,5
116,17,4712,-54464.75000000051,-35483.280000000086,5
117,17,4493,-52088.43000000029,-34460.88999999983,4
118,17,4343,-50719.48000000054,-34224.65999999991,3
119,17,4172,-48883.43000000047,-33525.459999999846,3
120,17,4163,-48591.770000000346,-33317.779999999875,1
121,17,3311,-38179.37000000013,-28122.249999999643,0
122,17,3013,-34664.76999999984,-26540.919999999674,0
123,17,2999,-34281.119999999886,-26244.36999999974,0
124,17,3208,-36677.590000000026,-27537.83999999954,1
125,17,1996,-23119.02999999994,-19487.199999999862,0
126,17,1799,-20852.629999999957,-17889.129999999863,0
127,17,1803,-20690.68000000001,-17749.529999999875,0
128,17,691,-8750.840000000011,-8236.04000000001,0
129,17,507,-6381.279999999996,-6026.7799999999925,0
130,17,426,-5353.519999999987,-5072.319999999985,0
131,17,426,-5333.4699999999875,-5053.419999999987,0
132,17,263,-3414.269999999993,-3262.7699999999945,0
133,17,263,-3362.9199999999933,-3211.4199999999946,0
134,17,40,-517.9700000000003,-504.8700000000002,0
0,18,363,-4372.339999999996,-4154.639999999997,0
1,18,357,-4295.319999999995,-4077.6199999999985,0
2,18,429,-5152.019999999996,-4876.819999999998,0
3,18,418,-5029.229999999997,-4778.179999999998,0
4,18,439,-5247.769999999996,-4974.969999999996,0
5,18,302,-3744.540000000003,-3616.9900000000043,0
6,18,302,-3736.1400000000026,-3608.5900000000033,0
7,18,266,-3274.540000000004,-3194.0400000000036,0
8,18,147,-1864.9499999999996,-1841.9499999999996,0
9,18,126,-1586.4399999999998,-1574.94,0
10,18,125,-1567.05,-1555.55,0
11,18,128,-1601.7500000000005,-1590.2500000000005,0
12,18,128,-1578.3499999999997,-1566.8499999999997,0
13,18,65,-808.8000000000009,-808.8000000000009,0
14,18,44,-542.0,-542.0,0
15,18,44,-528.4000000000003,-528.4000000000003,0
16,18,14,-190.5,-190.5,0
17,18,8,-112.8,-112.8,0
18,18,8,-112.14999999999999,-112.14999999999999,0
19,18,5,-72.7,-72.7,0
20,18,47,-612.4000000000003,-612.4000000000003,0
21,18,48,-637.2200000000004,-637.2200000000004,0
22,18,61,-790.3700000000002,-790.3700000000002,0
23,18,61,-799.5700000000004,-799.5700000000004,0
24,18,667,-7670.0700000000525,-6996.670000000045,0
25,18,978,-11442.980000000123,-10159.230000000116,0
26,18,1050,-12555.820000000123,-11255.820000000105,0
27,18,1057,-12682.920000000124,-11381.920000000106,0
28,18,1098,-13236.630000000125,-11859.510000000113,0
29,18,1577,-19134.17,-16073.970000000078,1
30,18,1874,-23253.9799999999,-19166.590000000044,1
31,18,2042,-25269.74999999984,-20408.18999999996,1
32,18,4189,-48522.2399999993,-32720.09999999999,4
33,18,7147,-80558.19999999853,-44383.63999999902,11
34,18,7199,-82457.47999999861,-45243.949999999364,11
35,18,7678,-88203.40999999897,-47123.05999999909,12
36,18,7764,-88440.7599999988,-46975.28999999946,7
37,18,7364,-83828.45999999881,-45652.16999999955,3
38,18,7488,-85316.11999999874,-46087.699999999524,2
39,18,7496,-85447.62999999868,-46115.41999999953,1
40,18,7515,-85604.97999999867,-46096.959999999555,1
41,18,7215,-81588.05999999853,-44460.539999999404,0
42,18,6863,-76878.69999999861,-42693.97999999967,0
43,18,6651,-74197.48999999867,-41794.50999999983,0
44,18,6728,-74813.49999999872,-41922.64999999983,0
45,18,6714,-73855.29999999866,-41357.11999999963,0
46,18,4933,-53995.55999999945,-34306.11000000083,0
47,18,1759,-20479.4300000001,-17244.880000000103,1
48,18,1340,-15662.019999999926,-13599.519999999924,1
49,18,648,-8001.899999999979,-7377.649999999981,0
50,18,544,-6824.749999999994,-6360.049999999996,0
51,18,544,-6850.7399999999925,-6382.939999999994,0
52,18,426,-5397.959999999998,-5191.709999999996,0
53,18,408,-5167.679999999998,-4984.429999999996,0
54,18,409,-5171.139999999994,-4986.639999999993,0
55,18,315,-4001.4599999999964,-3876.7099999999955,0
56,18,281,-3574.0699999999956,-3473.1199999999953,0
57,18,281,-3546.419999999999,-3446.119999999999,0
58,18,188,-2405.389999999999,-2354.1899999999982,0
59,18,155,-2022.1299999999987,-1970.2799999999986,2
60,18,155,-2007.379999999997,-1955.529999999997,2
61,18,70,-959.7799999999999,-945.53,1
62,18,187,-2369.4900000000043,-2344.3900000000044,1
63,18,356,-4348.509999999997,-4163.959999999995,1
64,18,350,-4309.399999999995,-4100.999999999996,0
65,18,448,-5633.620000000003,-5298.020000000001,0
66,18,2355,-27582.730000000036,-21612.930000000066,0
67,18,3283,-39158.04000000013,-28869.87000000045,3
68,18,8389,-91074.13000000059,-47039.19999999906,4
69,18,8394,-92481.0700000001,-47709.14999999957,4
70,18,8396,-92849.4300000001,-47951.479999999625,4
71,18,8625,-95436.70000000029,-48849.91999999966,5
72,18,8620,-95473.14000000025,-48915.149999999565,5
73,18,8620,-95448.68000000018,-48860.91999999963,5
74,18,8531,-94050.06000000029,-48233.15999999957,3
75,18,8300,-91121.08000000022,-47338.50999999968,2
76,18,8242,-90344.23000000017,-47078.699999999684,2
77,18,8241,-90244.91000000009,-47005.589999999625,2
78,18,8238,-89593.1200000002,-46547.48999999978,2
79,18,6725,-72226.82999999927,-40898.27999999952,0
80,18,6568,-70289.61999999921,-40514.21999999972,3
81,18,6575,-70513.79999999896,-40724.05999999928,4
82,18,6564,-70001.06999999886,-40398.229999999254,3
83,18,7184,-76458.54999999964,-42197.92999999952,3
84,18,7155,-76467.81999999967,-42355.809999999576,2
85,18,7152,-76498.54999999965,-42405.939999999566,2
86,18,7159,-76609.6399999997,-42473.98999999956,2
87,18,7195,-77053.29999999974,-42585.23999999957,0
88,18,7179,-76908.30999999974,-42609.599999999555,0
89,18,7196,-77135.28999999973,-42696.57999999959,0
90,18,7159,-76718.11999999963,-42577.14999999955,0
91,18,7269,-77963.80999999975,-42956.78999999958,0
92,18,7273,-77952.87999999974,-42928.93999999942,0
93,18,6933,-73200.22999999938,-40982.36999999967,0
94,18,6932,-71969.87999999887,-40261.609999998895,0
95,18,1444,-16221.319999999743,-14052.919999999767,0
96,18,375,-4525.8300000000045,-4363.180000000005,0
97,18,356,-4204.880000000006,-4042.2300000000055,0
98,18,330,-3912.310000000007,-3772.7600000000066,0
99,18,329,-3915.610000000008,-3743.3100000000077,0
100,18,536,-6326.049999999988,-5974.299999999992,0
101,18,537,-6378.919999999988,-6028.619999999989,0
102,18,602,-7149.91999999998,-6661.369999999982,0
103,18,596,-7090.41999999999,-6534.119999999993,0
104,18,651,-7925.469999999991,-7247.2099999999955,1
105,18,765,-9582.12999999996,-8638.979999999963,0
106,18,1124,-13793.290000000039,-12107.77000000003,0
107,18,1277,-15591.77000000006,-13511.670000000055,0
108,18,2085,-24982.010000000122,-20129.930000000117,0
109,18,2086,-25371.67000000004,-20444.430000000015,0
110,18,2447,-29312.619999999944,-22878.89999999994,0
111,18,2490,-30118.010000000006,-23389.579999999998,1
112,18,3634,-43379.0,-30508.889999999854,3
113,18,3620,-43727.58999999993,-30751.08999999976,5
114,18,3738,-44978.98000000008,-31514.239999999754,5
115,18,4716,-54644.58000000047,-35607.57000000008,5
116,18,4708,-54808.76000000046,-35703.58999999999,5
117,18,4635,-54059.2500000005,-35710.339999999866,4
118,18,4350,-51057.060000000405,-34537.44999999989,3
119,18,4172,-48999.690000000475,-33670.41999999984,3
120,18,4188,-49049.41000000047,-33684.46999999986,1
121,18,3480,-40175.38000000019,-29252.289999999615,0
122,18,3011,-34712.359999999884,-26602.859999999695,0
123,18,3205,-36917.80000000005,-27754.94999999979,1
124,18,3208,-36818.55000000006,-27678.15999999954,1
125,18,1994,-23094.479999999938,-19487.199999999862,0
126,18,1802,-20895.329999999958,-17932.77999999986,0
127,18,1807,-20746.590000000015,-17781.339999999876,0
128,18,713,-9019.690000000011,-8470.440000000013,0
129,18,507,-6388.349999999995,-6046.699999999992,0
130,18,425,-5344.4199999999855,-5076.819999999985,0
131,18,429,-5373.66999999999,-5107.369999999987,0
132,18,262,-3400.519999999993,-3262.7699999999945,0
133,18,262,-3349.1699999999933,-3211.4199999999946,0
0,19,363,-4373.489999999996,-4155.789999999997,0
1,19,429,-5157.119999999996,-4881.919999999998,0
2,19,431,-5218.2499999999945,-4941.649999999997,0
3,19,440,-5308.079999999997,-5033.1799999999985,0
4,19,466,-5587.739999999996,-5303.5899999999965,0
5,19,302,-3744.540000000003,-3616.9900000000043,0
6,19,302,-3750.1800000000026,-3622.630000000003,0
7,19,269,-3317.4400000000037,-3236.9400000000046,0
8,19,147,-1864.9499999999996,-1841.9499999999996,0
9,19,126,-1586.4399999999998,-1574.94,0
10,19,128,-1607.15,-1595.65,0
11,19,128,-1601.7500000000005,-1590.2500000000005,0
12,19,128,-1578.3499999999997,-1566.8499999999997,0
13,19,67,-837.8000000000009,-837.8000000000009,0
14,19,44,-542.0,-542.0,0
15,19,47,-572.1000000000004,-572.1000000000004,0
16,19,14,-190.5,-190.5,0
17,19,8,-112.8,-112.8,0
18,19,8,-112.14999999999999,-112.14999999999999,0
19,19,49,-641.4000000000003,-641.4000000000003,0
20,19,48,-637.8700000000003,-637.8700000000003,0
21,19,64,-833.4200000000003,-833.4200000000003,0
22,19,61,-799.5700000000004,-799.5700000000004,0
23,19,667,-7670.0700000000525,-6996.670000000045,0
24,19,978,-11442.980000000123,-10159.230000000116,0
25,19,1050,-12555.820000000123,-11255.820000000105,0
26,19,1057,-12683.570000000123,-11382.570000000105,0
27,19,1099,-13250.650000000125,-11873.530000000112,0
28,19,1576,-19122.37,-16073.970000000078,1
29,19,1873,-23259.799999999897,-19184.81000000004,1
30,19,2086,-25855.51999999982,-20844.109999999935,1
31,19,4202,-48709.539999999295,-32852.979999999996,4
32,19,7140,-80525.36999999854,-44425.50999999901,11
33,19,7190,-82359.67999999863,-45243.949999999364,11
34,19,7734,-89058.96999999869,-47320.99999999918,13
35,19,8268,-94742.72999999898,-49063.569999999265,12
36,19,7760,-88623.10999999897,-47136.62999999952,7
37,19,7511,-85659.78999999876,-46320.73999999953,4
38,19,7487,-85441.24999999873,-46208.82999999953,2
39,19,7506,-85638.41999999872,-46211.98999999952,1
40,19,7640,-87260.87999999853,-46775.78999999952,1
41,19,7209,-81607.89999999852,-44552.49999999938,1
42,19,6877,-77078.92999999858,-42852.32999999967,0
43,19,6740,-75283.96999999866,-42306.97999999979,0
44,19,6717,-74769.23999999871,-41979.18999999982,0
45,19,6732,-74101.14999999866,-41486.23999999961,0
46,19,5038,-55305.56999999942,-34994.62000000069,1
47,19,1759,-20558.760000000086,-17325.01000000008,1
48,19,1395,-16343.719999999937,-14156.76999999995,1
49,19,736,-9079.360000000008,-8301.309999999989,0
50,19,545,-6894.359999999993,-6425.409999999996,0
51,19,544,-6856.139999999992,-6388.339999999993,0
52,19,433,-5491.259999999998,-5272.009999999997,0
53,19,409,-5193.239999999998,-5008.739999999996,0
54,19,419,-5301.089999999995,-5104.889999999993,0
55,19,315,-4006.0599999999968,-3881.309999999996,0
56,19,281,-3578.2699999999954,-3477.319999999995,0
57,19,293,-3722.2799999999993,-3609.8799999999987,0
58,19,215,-2765.5099999999975,-2701.5599999999986,2
59,19,155,-2027.5299999999988,-1975.679999999999,2
60,19,165,-2136.0299999999975,-2084.1799999999967,2
61,19,197,-2521.340000000005,-2481.990000000005,1
62,19,356,-4353.059999999996,-4168.509999999994,1
63,19,364,-4503.8799999999965,-4295.479999999995,1
64,19,448,-5637.3200000000015,-5301.720000000001,0
65,19,2353,-27561.830000000038,-21614.88000000007,0
66,19,3287,-39230.28000000012,-28936.880000000452,3
67,19,8410,-91366.81000000061,-47176.879999999044,4
68,19,8386,-92394.9700000001,-47711.84999999957,4
69,19,8387,-92753.28000000009,-47954.72999999963,4
70,19,8636,-95652.53000000029,-48974.159999999676,6
71,19,8617,-95501.67000000026,-48965.84999999957,5
72,19,8616,-95483.27000000024,-48951.80999999958,5
73,19,8652,-95886.12000000023,-48973.39999999963,5
74,19,8524,-93993.93000000033,-48259.09999999957,3
75,19,8296,-91118.75000000022,-47369.02999999967,2
76,19,8235,-90270.50000000016,-47084.809999999685,2
77,19,8260,-90531.12000000013,-47128.21999999961,2
78,19,8290,-90341.34000000026,-46866.709999999795,2
79,19,7246,-78841.4299999998,-43342.82999999964,3
80,19,6571,-70774.74999999914,-40966.67999999951,4
81,19,6571,-71633.58999999924,-41372.59999999969,5
82,19,7420,-79320.18999999999,-43182.84999999952,3
83,19,7190,-76993.02999999971,-42573.34999999958,3
84,19,7144,-76433.17999999966,-42416.06999999957,2
85,19,7148,-76510.70999999967,-42481.759999999565,2
86,19,7184,-76953.34999999974,-42593.63999999956,2
87,19,7210,-77367.73999999976,-42809.42999999956,0
88,19,7185,-77057.82999999974,-42718.419999999554,0
89,19,7204,-77334.61999999973,-42850.84999999959,0
90,19,7257,-77908.40999999977,-43013.53999999958,0
91,19,7261,-77977.52999999974,-43055.80999999957,0
92,19,7425,-79644.17999999992,-43517.53999999948,0
93,19,6923,-73144.67999999938,-41019.76999999968,0
94,19,6923,-71901.75999999887,-40282.48999999888,0
95,19,1455,-16361.869999999743,-14161.019999999764,0
96,19,382,-4617.980000000003,-4455.3300000000045,0
97,19,367,-4367.480000000002,-4192.730000000005,0
98,19,344,-4095.510000000007,-3911.260000000006,0
99,19,545,-6449.359999999987,-6097.609999999989,0
100,19,537,-6394.669999999988,-6041.369999999989,0
101,19,602,-7175.919999999977,-6684.469999999979,0
102,19,691,-8195.419999999984,-7449.669999999988,0
103,19,651,-7972.919999999986,-7289.509999999991,1
104,19,947,-11639.199999999955,-10396.049999999956,1
105,19,1134,-13935.710000000037,-12238.34000000003,0
106,19,1286,-15722.050000000063,-13639.750000000056,0
107,19,2094,-25103.260000000126,-20236.98000000012,0
108,19,2096,-25509.970000000038,-20545.080000000024,0
109,19,2448,-29370.32999999996,-22933.709999999974,0
110,19,2490,-30186.109999999946,-23450.279999999944,1
111,19,3848,-45919.01000000009,-31748.679999999953,3
112,19,3706,-44868.51999999995,-31356.0499999998,5
113,19,3807,-45886.62000000012,-31991.559999999732,5
114,19,4876,-56943.62000000045,-36592.190000000104,5
115,19,4717,-55045.04000000044,-35830.27999999996,5
116,19,4853,-56812.02000000062,-36906.71000000004,5
117,19,4646,-54441.380000000376,-36013.479999999836,4
118,19,4354,-51218.920000000406,-34683.8099999999,3
119,19,4201,-49502.93000000059,-34038.659999999814,3
120,19,4360,-51083.69000000047,-34652.65999999986,1
121,19,3480,-40245.220000000234,-29310.319999999647,0
122,19,3219,-37392.50000000005,-28127.229999999756,1
123,19,3208,-37091.160000000076,-27893.51999999979,1
124,19,3207,-36806.35000000006,-27678.15999999954,1
125,19,1998,-23150.92999999994,-19520.049999999857,0
126,19,1807,-20964.98999999996,-17964.589999999862,0
127,19,1829,-21019.040000000034,-17943.539999999877,0
128,19,714,-9040.51000000001,-8490.360000000013,0
129,19,507,-6392.9999999999945,-6051.1999999999925,0
130,19,429,-5398.369999999988,-5130.769999999986,0
131,19,429,-5373.66999999999,-5107.369999999987,0
132,19,262,-3400.519999999993,-3262.7699999999945,0
0,20,435,-5235.289999999995,-4960.089999999997,0
1,20,431,-5223.349999999995,-4946.749999999997,0
2,20,453,-5497.099999999996,-5196.649999999997,0
3,20,467,-5648.0499999999965,-5361.799999999997,0
4,20,466,-5587.739999999996,-5303.5899999999965,0
5,20,302,-3758.5800000000027,-3631.030000000004,0
6,20,305,-3793.0800000000027,-3665.5300000000034,0
7,20,269,-3317.4400000000037,-3236.9400000000046,0
8,20,147,-1864.9499999999996,-1841.9499999999996,0
9,20,129,-1626.5400000000002,-1615.0400000000002,0
10,20,128,-1607.15,-1595.65,0
11,20,128,-1601.7500000000005,-1590.2500000000005,0
12,20,130,-1607.3499999999997,-1595.8499999999997,0
13,20,67,-837.8000000000009,-837.8000000000009,0
14,20,47,-585.7000000000002,-585.7000000000002,0
15,20,47,-572.1000000000004,-572.1000000000004,0
16,20,14,-190.5,-190.5,0
17,20,8,-112.8,-112.8,0
18,20,52,-680.8500000000004,-680.8500000000004,0
19,20,50,-666.8700000000003,-666.8700000000003,0
20,20,64,-834.0700000000003,-834.0700000000003,0
21,20,64,-848.2400000000004,-848.2400000000004,0
22,20,667,-7670.0700000000525,-6996.670000000045,0
23,20,978,-11442.980000000123,-10159.230000000116,0
24,20,1050,-12555.820000000123,-11255.820000000105,0
25,20,1057,-12683.570000000123,-11382.570000000105,0
26,20,1099,-13251.300000000125,-11874.180000000111,0
27,20,1577,-19136.39,-16087.99000000008,1
28,20,1873,-23257.6999999999,-19184.81000000004,1
29,20,2086,-25871.68999999982,-20862.329999999933,1
30,20,4247,-49309.10999999925,-33172.799999999945,4
31,20,7153,-80713.21999999853,-44536.739999999,11
32,20,7187,-82367.49999999865,-45285.51999999934,11
33,20,7725,-88961.5399999987,-47320.99999999918,13
34,20,8328,-95640.07999999874,-49259.61999999933,13
35,20,8266,-94946.4199999991,-49220.77999999931,12
36,20,7910,-90486.9299999989,-47778.7699999995,7
37,20,7515,-85844.85999999875,-46441.03999999953,4
38,20,7502,-85691.97999999876,-46304.56999999951,2
39,20,7634,-87332.25999999857,-46888.689999999486,1
40,20,7635,-87293.65999999855,-46865.56999999952,2
41,20,7225,-81829.31999999852,-44710.01999999936,1
42,20,6971,-78224.17999999857,-43356.4499999996,0
43,20,6734,-75292.67999999864,-42360.839999999786,0
44,20,6739,-75057.85999999866,-42103.6599999998,0
45,20,6834,-75385.71999999856,-42033.91999999952,1
46,20,5034,-55343.74999999947,-35071.75000000069,1
47,20,1815,-21252.46000000007,-17857.9100000001,1
48,20,1483,-17421.179999999975,-14937.52999999993,1
49,20,737,-9148.97000000001,-8366.669999999987,0
50,20,545,-6899.759999999992,-6430.809999999995,0
51,20,551,-6949.439999999992,-6468.639999999993,0
52,20,434,-5516.819999999998,-5296.319999999997,0
53,20,419,-5323.189999999998,-5126.3399999999965,0
54,20,419,-5305.689999999995,-5109.4899999999925,0
55,20,315,-4010.2599999999966,-3885.5099999999957,0
56,20,293,-3754.1299999999956,-3641.0799999999954,0
57,20,320,-4082.3999999999996,-3957.2499999999995,2
58,20,215,-2770.909999999997,-2706.959999999998,2
59,20,165,-2156.18,-2104.329999999999,2
60,20,291,-3685.7900000000136,-3561.340000000012,2
61,20,366,-4504.909999999997,-4306.109999999994,1
62,20,364,-4508.429999999997,-4300.029999999995,1
63,20,462,-5831.8,-5483.450000000002,1
64,20,2353,-27563.83000000004,-21618.580000000067,0
65,20,3286,-39221.030000000115,-28938.18000000045,3
66,20,8410,-91401.9200000006,-47196.189999999035,4
67,20,8406,-92679.75000000013,-47847.529999999555,4
68,20,8379,-92671.78000000007,-47956.659999999625,4
69,20,8626,-95552.42000000026,-48977.409999999676,6
70,20,8627,-95705.50000000026,-49090.089999999575,6
71,20,8612,-95499.80000000025,-49002.50999999959,5
72,20,8646,-95896.46000000025,-49063.93999999959,5
73,20,8642,-95797.21000000022,-48999.33999999964,5
74,20,8517,-93956.97000000029,-48289.61999999956,3
75,20,8286,-91016.49000000021,-47374.01999999967,2
76,20,8251,-90531.43000000018,-47207.43999999967,2
77,20,8308,-91235.99000000015,-47442.74999999959,2
78,20,8800,-96841.3600000004,-48882.47999999986,5
79,20,7246,-79290.2099999998,-43752.739999999416,4
80,20,6564,-71850.7399999994,-41595.569999999905,5
81,20,7423,-80891.09999999992,-44110.859999999884,5
82,20,7431,-79894.57000000002,-43555.66999999957,3
83,20,7186,-77021.68999999971,-42634.30999999957,3
84,20,7147,-76508.63999999968,-42492.58999999957,2
85,20,7180,-76917.71999999974,-42602.109999999564,2
86,20,7206,-77331.08999999976,-42818.52999999955,2
87,20,7223,-77580.55999999981,-42918.389999999556,0
88,20,7200,-77320.45999999974,-42873.38999999956,0
89,20,7309,-78588.20999999983,-43287.939999999624,0
90,20,7257,-77992.77999999974,-43113.20999999957,0
91,20,7421,-79745.82999999987,-43644.70999999964,0
92,20,7421,-79648.32999999991,-43551.53999999949,0
93,20,6920,-73135.45999999941,-41042.29999999967,0
94,20,6928,-71979.35999999887,-40329.439999998875,0
95,20,1462,-16453.369999999748,-14242.769999999764,0
96,20,393,-4779.930000000003,-4605.830000000004,0
97,20,381,-4550.030000000003,-4319.130000000003,0
98,20,560,-6628.609999999982,-6265.559999999986,0
99,20,546,-6517.3299999999845,-6164.679999999987,0
100,20,602,-7191.019999999977,-6697.219999999979,0
101,20,691,-8220.76999999998,-7472.769999999985,0
102,20,746,-9086.589999999978,-8203.379999999985,2
103,20,947,-11685.999999999944,-10435.299999999948,1
104,20,1314,-15978.720000000034,-13872.000000000031,1
105,20,1294,-15839.67000000006,-13770.320000000056,0
106,20,2101,-25208.740000000125,-20342.41000000012,0
107,20,2103,-25606.420000000042,-20652.130000000026,0
108,20,2456,-29480.929999999953,-23034.359999999964,0
109,20,2489,-30216.96999999996,-23504.219999999987,1
110,20,3844,-45939.360000000095,-31807.22999999987,3
111,20,3916,-47360.18000000006,-32579.83999999989,5
112,20,3890,-46991.85000000014,-32540.91999999977,5
113,20,4938,-57776.16000000047,-37017.260000000104,5
114,20,4872,-57288.670000000435,-36816.350000000006,5
115,20,4859,-57015.00000000062,-37031.70000000003,5
116,20,4861,-57156.60000000047,-37207.700000000004,5
117,20,4648,-54580.63000000038,-36164.629999999845,4
118,20,4381,-51694.76000000052,-35051.649999999885,3
119,20,4371,-51516.26000000058,-35005.199999999815,3
120,20,4358,-51129.680000000466,-34705.539999999884,1
121,20,3688,-42927.41000000034,-30685.079999999693,1
122,20,3222,-37564.560000000085,-28265.049999999752,1
123,20,3207,-37077.660000000076,-27893.51999999979,1
124,20,3210,-36849.30000000007,-27711.009999999536,1
125,20,2002,-23209.789999999935,-19551.85999999986,0
126,20,1829,-21237.43999999997,-18126.139999999865,0
127,20,1830,-21039.860000000037,-17963.45999999988,0
128,20,714,-9045.16000000001,-8494.860000000015,0
129,20,511,-6446.949999999995,-6105.149999999994,0
130,20,429,-5398.369999999988,-5130.769999999986,0
131,20,429,-5373.66999999999,-5107.369999999987,0
0,21,437,-5301.519999999995,-5024.919999999997,0
1,21,453,-5502.199999999997,-5201.749999999996,0
2,21,480,-5837.069999999995,-5525.269999999997,0
3,21,467,-5648.0499999999965,-5361.799999999997,0
4,21,466,-5601.779999999996,-5317.629999999996,0
5,21,305,-3801.4800000000037,-3673.930000000004,0
6,21,305,-3793.0800000000027,-3665.5300000000034,0
7,21,269,-3317.4400000000037,-3236.9400000000046,0
8,21,150,-1905.0499999999995,-1882.0499999999995,0
9,21,129,-1626.5400000000002,-1615.0400000000002,0
10,21,128,-1607.15,-1595.65,0
11,21,130,-1630.7500000000005,-1619.2500000000005,0
12,21,130,-1607.3499999999997,-1595.8499999999997,0
13,21,70,-881.5000000000009,-881.5000000000009,0
14,21,47,-585.7000000000002,-585.7000000000002,0
15,21,47,-572.1000000000004,-572.1000000000004,0
16,21,14,-190.5,-190.5,0
17,21,52,-681.5000000000003,-681.5000000000003,0
18,21,53,-706.3200000000004,-706.3200000000004,0
19,21,66,-863.0700000000003,-863.0700000000003,0
20,21,64,-848.8900000000004,-848.8900000000004,1
21,21,670,-7718.740000000053,-7045.340000000046,0
22,21,978,-11442.980000000123,-10159.230000000116,0
23,21,1050,-12555.820000000123,-11255.820000000105,0
24,21,1057,-12683.570000000123,-11382.570000000105,0
25,21,1099,-13251.300000000125,-11874.180000000111,0
26,21,1577,-19137.039999999997,-16088.64000000008,1
27,21,1873,-23259.119999999897,-19198.83000000004,1
28,21,2085,-25859.089999999822,-20862.329999999933,1
29,21,4243,-49282.12999999926,-33190.319999999934,4
30,21,7188,-81198.3799999985,-44762.01999999897,11
31,21,7195,-82495.79999999864,-45396.74999999935,11
32,21,7715,-88888.50999999871,-47362.56999999916,13
33,21,8314,-95482.92999999873,-49259.61999999933,13
34,21,8321,-95784.5999999988,-49416.35999999939,13
35,21,8408,-96717.66999999907,-49850.099999999264,12
36,21,7907,-90582.07999999887,-47897.599999999504,7
37,21,7523,-86014.06999999877,-46537.609999999506,4
38,21,7624,-87320.31999999864,-46987.99999999948,2
39,21,7625,-87313.67999999858,-46979.29999999948,2
40,21,7646,-87455.46999999853,-47009.169999999525,2
41,21,7311,-82879.97999999853,-45164.93999999932,1
42,21,6959,-78165.39999999855,-43411.25999999959,0
43,21,6750,-75520.8599999986,-42484.789999999775,0
44,21,6835,-76278.18999999856,-42645.20999999975,1
45,21,6823,-75352.75999999861,-42110.44999999955,1
46,21,5084,-55971.50999999946,-35353.8000000006,1
47,21,1900,-22299.23000000005,-18568.520000000073,1
48,21,1483,-17478.989999999976,-15002.889999999932,1
49,21,737,-9154.370000000012,-8372.069999999987,0
50,21,552,-6993.059999999992,-6511.109999999995,0
51,21,552,-6974.999999999992,-6492.9499999999925,0
52,21,444,-5646.769999999999,-5413.919999999997,0
53,21,419,-5327.789999999998,-5130.939999999996,0
54,21,419,-5309.889999999995,-5113.689999999992,0
55,21,327,-4186.119999999996,-4049.269999999996,0
56,21,320,-4114.249999999996,-3988.4499999999957,2
57,21,320,-4087.7999999999993,-3962.649999999999,2
58,21,225,-2899.5599999999977,-2823.5099999999984,2
59,21,291,-3705.94000000001,-3581.490000000009,2
60,21,460,-5669.360000000013,-5350.260000000011,2
61,21,374,-4660.279999999998,-4437.629999999996,1
62,21,462,-5836.350000000001,-5488.000000000003,1
63,21,2363,-27710.91000000004,-21712.310000000067,1
64,21,3281,-39166.13000000012,-28941.840000000455,3
65,21,8399,-91283.0200000006,-47197.48999999904,4
66,21,8403,-92675.71000000014,-47865.03999999955,4
67,21,8396,-92918.26000000013,-48092.33999999962,4
68,21,8616,-95440.72000000029,-48979.33999999967,6
69,21,8617,-95596.30000000028,-49093.33999999958,6
70,21,8622,-95697.58000000026,-49126.74999999961,6
71,21,8642,-95906.9400000003,-49114.6399999996,5
72,21,8637,-95813.75000000029,-49089.879999999604,5
73,21,8636,-95767.20000000023,-49029.85999999963,5
74,21,8508,-93860.76000000029,-48294.60999999956,3
75,21,8302,-91270.22000000023,-47495.91999999964,2
76,21,8301,-91255.05000000025,-47520.46999999966,2
77,21,8816,-97709.41000000019,-49432.319999999716,5
78,21,8794,-97239.93000000052,-49287.62999999965,7
79,21,7242,-80305.91999999984,-44234.099999999744,5
80,21,7418,-81135.44999999994,-44331.03000000012,5
81,21,7436,-81490.77999999998,-44462.06999999995,5
82,21,7426,-79914.32999999999,-43616.62999999957,3
83,21,7188,-77088.24999999972,-42710.82999999958,3
84,21,7178,-76906.74999999974,-42612.939999999566,2
85,21,7201,-77286.55999999976,-42826.999999999556,2
86,21,7218,-77535.0099999998,-42927.48999999955,2
87,21,7237,-77834.28999999979,-43073.359999999564,0
88,21,7303,-78554.14999999986,-43310.479999999596,0
89,21,7307,-78652.67999999985,-43387.60999999962,0
90,21,7413,-79719.67999999986,-43702.109999999644,0
91,21,7413,-79703.87999999986,-43678.70999999965,0
92,21,7413,-79586.75999999992,-43574.46999999947,0
93,21,6924,-73202.95999999941,-41086.64999999967,0
94,21,6930,-72019.05999999885,-40379.13999999888,0
95,21,1472,-16605.21999999976,-14369.969999999761,0
96,21,406,-4952.380000000002,-4732.230000000002,0
97,21,596,-7073.029999999984,-6673.279999999986,0
98,21,560,-6686.479999999981,-6332.629999999984,0
99,21,610,-7303.579999999975,-6820.529999999976,0
100,21,690,-8225.76999999998,-7485.519999999985,0
101,21,745,-9101.839999999973,-8226.479999999983,2
102,21,1041,-12789.569999999942,-11290.769999999944,2
103,21,1313,-16012.60000000002,-13907.93000000002,1
104,21,1474,-17880.910000000044,-15381.51000000006,1
105,21,2110,-25338.19000000012,-20472.01000000012,0
106,21,2111,-25723.730000000032,-20757.190000000028,0
107,21,2462,-29567.609999999953,-23130.60999999997,0
108,21,2497,-30331.499999999956,-23604.869999999984,1
109,21,3844,-45984.50000000011,-31849.71999999991,3
110,21,3914,-47405.160000000054,-32637.039999999808,5
111,21,4101,-49494.64000000019,-33732.30999999988,5
112,21,5018,-58849.02000000044,-37512.27000000009,5
113,21,4938,-58168.50000000042,-37240.82,5
114,21,5014,-59257.18000000065,-37987.630000000034,6
115,21,4867,-57357.08000000045,-37331.88999999999,5
116,21,4862,-57285.800000000476,-37358.25000000001,5
117,21,4675,-55058.370000000476,-36532.51999999983,4
118,21,4552,-53719.390000000494,-35992.73999999987,3
119,21,4370,-51571.05000000058,-35057.47999999984,3
120,21,4563,-53790.820000000414,-35913.27999999994,3
121,21,3690,-43093.07000000036,-30821.34999999969,1
122,21,3219,-37532.31000000009,-28265.049999999752,1
123,21,3208,-37101.86000000007,-27926.369999999788,1
124,21,3212,-36884.01000000007,-27742.819999999534,1
125,21,2022,-23460.139999999938,-19713.409999999858,0
126,21,1829,-21246.95999999997,-18146.059999999867,0
127,21,1829,-21033.21000000004,-17967.95999999988,0
128,21,718,-9099.110000000008,-8548.810000000014,0
129,21,511,-6446.949999999995,-6105.149999999994,0
130,21,429,-5398.369999999988,-5130.769999999986,0
0,22,459,-5580.369999999996,-5279.919999999997,0
1,22,480,-5842.169999999995,-5530.369999999996,0
2,22,480,-5837.069999999995,-5525.269999999997,0
3,22,467,-5662.089999999997,-5375.839999999997,0
4,22,469,-5652.099999999996,-5367.949999999995,0
5,22,305,-3801.4800000000037,-3673.930000000004,0
6,22,305,-3793.0800000000027,-3665.5300000000034,0
7,22,272,-3357.540000000004,-3264.1400000000044,0
8,22,150,-1905.0499999999995,-1882.0499999999995,0
9,22,129,-1626.5400000000002,-1615.0400000000002,0
10,22,130,-1636.15,-1624.6500000000003,0
11,22,130,-1630.7500000000005,-1619.2500000000005,0
12,22,133,-1651.0499999999997,-1639.5499999999995,0
13,22,70,-881.5000000000009,-881.5000000000009,0
14,22,47,-585.7000000000002,-585.7000000000002,0
15,22,47,-572.1000000000004,-572.1000000000004,0
16,22,58,-759.2000000000003,-759.2000000000003,0
17,22,53,-706.9700000000004,-706.9700000000004,0
18,22,69,-902.5200000000003,-902.5200000000003,0
19,22,66,-877.8900000000004,-877.8900000000004,1
20,22,670,-7719.390000000054,-7045.990000000046,1
21,22,981,-11491.650000000123,-10207.900000000118,0
22,22,1050,-12555.820000000123,-11255.820000000105,0
23,22,1057,-12683.570000000123,-11382.570000000105,0
24,22,1099,-13251.300000000125,-11874.180000000111,0
25,22,1577,-19137.039999999997,-16088.64000000008,1
26,22,1873,-23259.7699999999,-19199.48000000004,1
27,22,2086,-25873.109999999822,-20876.349999999933,1
28,22,4242,-49266.06999999925,-33188.609999999935,4
29,22,7180,-81129.18999999852,-44775.87999999897,11
30,22,7230,-82980.65999999864,-45619.67999999932,11
31,22,7722,-89008.14999999871,-47462.07999999919,13
32,22,8304,-95413.58999999875,-49301.18999999932,13
33,22,8309,-95653.68999999881,-49416.35999999939,13
34,22,8465,-97579.68999999872,-50045.67999999932,13
35,22,8408,-96851.40999999909,-49965.27999999926,12
36,22,7917,-90772.02999999886,-47994.01999999947,7
37,22,7648,-87683.07999999863,-47226.97999999951,4
38,22,7616,-87310.00999999863,-47078.759999999485,4
39,22,7636,-87471.85999999856,-47121.79999999949,2
40,22,7731,-88487.84999999849,-47457.72999999947,2
41,22,7301,-82836.27999999853,-45216.299999999304,1
42,22,6978,-78416.55999999857,-43523.20999999958,0
43,22,6850,-76775.41999999856,-43013.4599999997,1
44,22,6828,-76279.7599999986,-42721.049999999785,1
45,22,6871,-75954.89999999863,-42352.649999999485,1
46,22,5165,-56966.00999999946,-35843.210000000545,2
47,22,1899,-22341.680000000048,-18633.88000000007,1
48,22,1481,-17457.22999999998,-15005.379999999937,1
49,22,744,-9247.670000000011,-8452.369999999988,0
50,22,553,-7018.619999999993,-6535.419999999995,0
51,22,562,-7104.949999999992,-6610.149999999993,0
52,22,444,-5651.369999999998,-5418.519999999998,0
53,22,419,-5331.989999999998,-5135.139999999996,0
54,22,431,-5485.7499999999945,-5277.4499999999925,0
55,22,354,-4546.24,-4396.639999999998,2
56,22,320,-4119.649999999996,-3993.8499999999954,2
57,22,330,-4216.449999999999,-4079.1999999999994,2
58,22,351,-4449.320000000005,-4288.770000000004,2
59,22,460,-5689.510000000008,-5370.410000000007,2
60,22,468,-5824.730000000011,-5481.330000000011,2
61,22,472,-5988.2000000000035,-5625.600000000004,1
62,22,2361,-27693.460000000046,-21716.86000000007,1
63,22,3292,-39327.41000000013,-29028.970000000456,4
64,22,8386,-91151.7200000006,-47201.14999999904,4
65,22,8390,-92539.9600000001,-47866.33999999956,4
66,22,8391,-92898.2700000001,-48109.84999999961,4
67,22,8628,-95636.01000000029,-49115.01999999966,6
68,22,8602,-95439.30000000025,-49095.269999999575,6
69,22,8607,-95542.43000000025,-49129.99999999961,6
70,22,8647,-96058.77000000027,-49238.87999999961,6
71,22,8628,-95778.28000000028,-49140.57999999961,5
72,22,8627,-95747.64000000026,-49120.399999999594,5
73,22,8623,-95634.6900000002,-49034.849999999635,5
74,22,8522,-94097.64000000028,-48416.50999999955,3
75,22,8349,-91966.84000000024,-47793.99999999968,2
76,22,8806,-97697.02000000022,-49510.03999999977,5
77,22,8811,-98118.98000000036,-49820.89999999949,7
78,22,8784,-98185.59000000036,-49676.73999999993,8
79,22,8088,-89496.4799999998,-46740.05999999986,5
80,22,7430,-81723.58,-44668.64000000016,5
81,22,7430,-81500.93999999997,-44520.509999999944,5
82,22,7427,-79973.99,-43691.94999999957,3
83,22,7218,-77479.45999999979,-42831.17999999957,3
84,22,7198,-77268.68999999978,-42837.82999999955,2
85,22,7212,-77483.5799999998,-42935.95999999955,2
86,22,7231,-77781.8399999998,-43082.459999999555,2
87,22,7338,-79050.07999999991,-43510.4499999996,0
88,22,7300,-78611.71999999987,-43410.149999999594,0
89,22,7461,-80361.27999999997,-43962.95999999969,0
90,22,7405,-79680.92999999989,-43735.10999999965,0
91,22,7405,-79643.85999999991,-43700.63999999964,0
92,22,7416,-79643.35999999996,-43617.319999999476,0
93,22,6923,-73211.15999999942,-41134.69999999967,0
94,22,6932,-72086.45999999887,-40463.23999999888,0
95,22,1485,-16777.419999999776,-14483.769999999762,0
96,22,622,-7486.129999999983,-7052.279999999983,0
97,22,597,-7141.649999999985,-6740.349999999986,0
98,22,625,-7483.479999999974,-6988.479999999973,0
99,22,699,-8349.07999999998,-7608.829999999983,0
100,22,745,-9117.589999999973,-8239.229999999983,2
101,22,1040,-12803.669999999935,-11313.869999999939,2
102,22,1408,-17124.570000000014,-14719.400000000023,2
103,22,1473,-17914.160000000036,-15417.210000000046,1
104,22,2288,-27366.88000000013,-21865.850000000133,2
105,22,2120,-25852.550000000025,-20887.760000000024,0
106,22,2470,-29684.289999999957,-23236.03999999997,0
107,22,2504,-30428.349999999966,-23701.119999999984,1
108,22,3852,-46096.53000000009,-31939.5699999999,3
109,22,3914,-47448.650000000074,-32679.529999999846,5
110,22,4099,-49537.97000000018,-33789.50999999982,5
111,22,5226,-61319.0600000005,-38555.81000000023,5
112,22,5016,-59214.890000000385,-37733.32999999999,5
113,22,5078,-60108.50000000066,-38400.300000000076,6
114,22,5021,-59584.50000000047,-38284.30000000005,6
115,22,4868,-57486.91000000046,-37482.03999999999,5
116,22,4888,-57752.670000000566,-37700.08999999997,5
117,22,4846,-57082.83000000042,-37384.359999999804,4
118,22,4550,-53763.21000000049,-36045.0199999999,3
119,22,4574,-54219.52000000054,-36259.01999999994,5
120,22,4564,-53944.160000000455,-36048.01999999998,3
121,22,3688,-43071.62000000037,-30821.34999999969,1
122,22,3222,-37577.46000000009,-28297.899999999754,1
123,22,3212,-37157.52000000007,-27958.17999999979,1
124,22,3230,-37104.05000000006,-27857.86999999953,1
125,22,2023,-23480.959999999937,-19733.32999999986,0
126,22,1829,-21251.60999999997,-18150.559999999867,0
127,22,1833,-21087.160000000036,-18021.909999999883,0
128,22,718,-9099.110000000008,-8548.810000000014,0
129,22,511,-6446.949999999995,-6105.149999999994,0
